step,q1,q2,mse,log_mse,mae,log_mae,xopt_runtime,xopt_error,run,best_mae
0,-20.0,20.0,3.9686756281298585e-06,-12.437078475952148,0.0014644978800788522,-6.526242733001709,0.0007929169805720448,0.0,0.0,0.0014644978800788522
1,13.543980890282274,-15.0,2.5208603346982272e-06,-12.890910148620605,0.0012033178936690092,-6.722672462463379,0.000524875009432435,0.0,0.0,0.0012033178936690092
2,-12.360430928499248,25.15760669675919,2.098652984727778e-08,-17.679384231567383,0.00011957308743149042,-9.031582832336426,0.0005142500158399343,0.0,0.0,0.00011957308743149042
3,-12.47311336661731,26.485641199843577,2.172014035295433e-08,-17.6450252532959,0.00011869507579831406,-9.038952827453613,0.0005074170185253024,0.0,0.0,0.00011869507579831406
4,-12.388330589777306,25.098960932973107,2.0926687938072064e-08,-17.682241439819336,0.00011958514369325712,-9.031481742858887,0.0005093339132145047,0.0,0.0,0.00011869507579831406
5,-12.423308604344106,25.588945751028657,2.1168844455132785e-08,-17.670734405517578,0.00011903730046469718,-9.036073684692383,0.0005439169472083449,0.0,0.0,0.00011869507579831406
6,-12.612625338962358,27.84129524994209,2.2633106055991448e-08,-17.603851318359375,0.00011988078040303662,-9.029012680053711,0.0005811670562252402,0.0,0.0,0.00011869507579831406
7,-12.585183177352475,27.767879937710767,2.2579779823672652e-08,-17.606210708618164,0.00011975887173321098,-9.030030250549316,0.0005616249982267618,0.0,0.0,0.00011869507579831406
8,-12.511775840061823,26.728486363908036,2.1840612873802456e-08,-17.639493942260742,0.0001186528752441518,-9.039308547973633,0.0005597500130534172,0.0,0.0,0.0001186528752441518
9,-12.403788275916265,25.44362267634075,2.109264585214987e-08,-17.674341201782227,0.00011917220399482176,-9.034940719604492,0.002725083031691611,0.0,0.0,0.0001186528752441518
10,-12.556969204181138,27.315946865589307,2.2239841968030305e-08,-17.621379852294922,0.00011907218868145719,-9.035780906677246,0.0006820829585194588,0.0,0.0,0.0001186528752441518
11,-12.401577759370843,25.3712041004258,2.1054368914974475e-08,-17.676156997680664,0.00011924614227609709,-9.034320831298828,0.0006310000317171216,0.0,0.0,0.0001186528752441518
12,-12.425888201606162,25.774512026786972,2.1275177175539284e-08,-17.665725708007812,0.00011889633606187999,-9.03725814819336,0.000782625051215291,0.0,0.0,0.0001186528752441518
13,-12.33126611212434,24.6455140527744,2.0715152260208924e-08,-17.692399978637695,0.00012019541463814676,-9.026391983032227,0.0007119160145521164,0.0,0.0,0.0001186528752441518
14,-12.445074684395696,25.85640918400912,2.1314544795814072e-08,-17.663875579833984,0.00011882866238011047,-9.037827491760254,0.0006734168855473399,0.0,0.0,0.0001186528752441518
15,-12.368191412472054,24.929754039751888,2.084030192861519e-08,-17.686376571655273,0.00011978735710727051,-9.029792785644531,0.0006438749842345715,0.0,0.0,0.0001186528752441518
16,-12.400472409319553,25.579596011212914,2.1188833798646556e-08,-17.66979217529297,0.00011909825843758881,-9.035561561584473,0.0006387910107150674,0.0,0.0,0.0001186528752441518
17,-12.48276517345344,26.35120920655233,2.1603081989951534e-08,-17.65043067932129,0.00011862310930155218,-9.039559364318848,0.0006077910074964166,0.0,0.0,0.00011862310930155218
18,-12.407044827270951,25.45162101863541,2.1095839741747113e-08,-17.674190521240234,0.00011916299990843982,-9.035017967224121,0.0006133329588919878,0.0,0.0,0.00011862310930155218
19,-12.489629808418053,26.374023843989768,2.161873347006349e-08,-17.64970588684082,0.00011862487735925242,-9.039544105529785,0.000613250071182847,0.0,0.0,0.00011862310930155218
20,-12.387353651773058,25.150095528760094,2.0945645218262143e-08,-17.68133544921875,0.00011950451880693436,-9.032155990600586,0.0006324999267235398,0.0,0.0,0.00011862310930155218
21,-12.582827786194997,27.581388578526084,2.243015018166261e-08,-17.61285972595215,0.00011941870616283268,-9.032875061035156,0.0006166669772937894,0.0,0.0,0.00011862310930155218
22,-12.557735050902755,27.407725547785216,2.2312908853905355e-08,-17.618101119995117,0.00011920180259039626,-9.034692764282227,0.0006041249725967646,0.0,0.0,0.00011862310930155218
23,-12.45176466833736,25.97017891713654,2.1378186332299265e-08,-17.6608943939209,0.00011875760537805036,-9.038426399230957,0.0006690419977530837,0.0,0.0,0.00011862310930155218
24,-12.504148588112248,26.750779822594655,2.1865108834617786e-08,-17.63837432861328,0.00011868454748764634,-9.039041519165039,0.0006063339533284307,0.0,0.0,0.00011862310930155218
25,-12.49303381488242,26.54361155510692,2.1724815724155633e-08,-17.64480972290039,0.00011862222163472325,-9.039566993713379,0.0006988749373704195,0.0,0.0,0.00011862222163472325
26,-12.383387743991326,25.165728623609283,2.0951651080736156e-08,-17.681047439575195,0.00011947867460548878,-9.03237247467041,0.0006453749956563115,0.0,0.0,0.00011862222163472325
27,-12.476915111436485,26.27705775442768,2.1558156149126262e-08,-17.652511596679688,0.00011863711551995948,-9.039441108703613,0.0006557079032063484,0.0,0.0,0.00011862222163472325
28,-12.294877868900988,24.120940470587957,2.049483249777495e-08,-17.703092575073242,0.00012104943743906915,-9.019311904907227,0.0006628329865634441,0.0,0.0,0.00011862222163472325
29,-12.371166183790947,25.24316334391909,2.1017939388912055e-08,-17.677888870239258,0.00011944747529923916,-9.032633781433105,0.0006548749515786767,0.0,0.0,0.00011862222163472325
30,-12.493672930759192,26.320388570992385,2.1597774235715406e-08,-17.65067481994629,0.0001186628796858713,-9.039223670959473,0.0007046250393614173,0.0,0.0,0.00011862222163472325
31,-12.572695261229448,27.443235936916693,2.23297185186766e-08,-17.617347717285156,0.0001192232666653581,-9.034512519836426,0.0006370830815285444,0.0,0.0,0.00011862222163472325
32,-12.655478536053046,28.450878695610093,2.311095670393115e-08,-17.582958221435547,0.00012131281982874498,-9.017138481140137,0.0007617080118507147,0.0,0.0,0.00011862222163472325
33,-12.414070391219282,25.613308450863393,2.1185428522585426e-08,-17.669952392578125,0.00011902020924026147,-9.03621768951416,0.0006961659528315067,0.0,0.0,0.00011862222163472325
34,-12.504244150383478,26.61687236617745,2.1768620683815243e-08,-17.64279556274414,0.00011862542305607349,-9.039539337158203,0.00074095802847296,0.0,0.0,0.00011862222163472325
35,-12.528213348409396,26.929784003863066,2.1973063368818657e-08,-17.633447647094727,0.00011874190386151895,-9.038558006286621,0.0008278338937088847,0.0,0.0,0.00011862222163472325
36,-12.086676046955768,21.778190979186828,1.986695430389318e-08,-17.734207153320312,0.00012594870349857956,-8.979636192321777,0.0006477920105680823,0.0,0.0,0.00011862222163472325
37,-12.507068426678257,26.578163637386147,2.174638780161331e-08,-17.643817901611328,0.00011862575047416613,-9.03953742980957,0.0006223339587450027,0.0,0.0,0.00011862222163472325
38,-12.637671784376307,28.23656822543349,2.2935477517194158e-08,-17.590579986572266,0.00012074068945366889,-9.021865844726562,0.0007733340607956052,0.0,0.0,0.00011862222163472325
39,-12.50130849748369,26.521043528424062,2.1709558595262024e-08,-17.6455135345459,0.00011861878738272935,-9.039595603942871,0.0007647499442100525,0.0,0.0,0.00011861878738272935
40,-12.513294120466323,26.462104175789975,2.1706243913399703e-08,-17.645666122436523,0.00011870077287312597,-9.038905143737793,0.0005928749451413751,0.0,0.0,0.00011861878738272935
41,-11.791927677070351,18.992431093345214,1.980312624993985e-08,-17.7374267578125,0.00013272515207063407,-8.927229881286621,0.0006955829448997974,0.0,0.0,0.00011861878738272935
42,-12.530083168866998,26.865871089101113,2.193238657355323e-08,-17.63530158996582,0.00011871175956912339,-9.038812637329102,0.0005947919562458992,0.0,0.0,0.00011861878738272935
43,-12.54113250569709,27.194749617215784,2.2161794177577576e-08,-17.624895095825195,0.0001189644681289792,-9.036685943603516,0.0005810000002384186,0.0,0.0,0.00011861878738272935
44,-12.395402684754377,25.164083902796204,2.096082241109798e-08,-17.68061065673828,0.00011951196938753128,-9.03209400177002,0.000611624913290143,0.0,0.0,0.00011861878738272935
45,-12.02753602276968,21.286416150890524,1.979903885285239e-08,-17.737632751464844,0.0001270797074539587,-8.970696449279785,0.0005620409501716495,0.0,0.0,0.00011861878738272935
46,-12.287386173206288,24.098806493394683,2.0487387786261024e-08,-17.70345687866211,0.0001210866030305624,-9.019004821777344,0.0008480000542476773,0.0,0.0,0.00011861878738272935
47,-12.212564332672871,23.154933428183874,2.0171027514948037e-08,-17.719018936157227,0.0001229115150636062,-9.004045486450195,0.0006497920257970691,0.0,0.0,0.00011861878738272935
48,-12.512898138806106,26.630785070634467,2.1781344727855867e-08,-17.6422119140625,0.00011863745021400973,-9.039438247680664,0.0006674580508843064,0.0,0.0,0.00011861878738272935
49,-12.39821129688684,25.363997631443148,2.1051196341659306e-08,-17.676307678222656,0.00011925373109988868,-9.034256935119629,0.0006541250040754676,0.0,0.0,0.00011861878738272935
0,-20.0,20.0,3.9686756281298585e-06,-12.437078475952148,0.0014644978800788522,-6.526242733001709,0.0006085840286687016,0.0,1.0,0.0014644978800788522
1,13.57851158654532,-15.0,2.531671498218202e-06,-12.88663101196289,0.00120576994959265,-6.72063684463501,0.0006618750048801303,0.0,1.0,0.00120576994959265
2,-12.609631142703606,27.85835591132546,2.2640456620592886e-08,-17.603527069091797,0.00011990201892331243,-9.02883529663086,0.0006961249746382236,0.0,1.0,0.00011990201892331243
3,-12.022526921202289,21.150047014030786,1.9785371563330045e-08,-17.738323211669922,0.00012741380487568676,-8.968070030212402,0.0006528340745717287,0.0,1.0,0.00011990201892331243
4,-12.44027240150119,25.78006152409989,2.1273018901979412e-08,-17.66582679748535,0.0001188842361443676,-9.037360191345215,0.0005967080360278487,0.0,1.0,0.0001188842361443676
5,-12.516730587092805,27.06262308828219,2.210838445648733e-08,-17.627309799194336,0.0001189435351989232,-9.036861419677734,0.0006019159918650985,0.0,1.0,0.0001188842361443676
6,-12.43130779220509,25.650682032085527,2.120401454419607e-08,-17.66907501220703,0.00011899018136318773,-9.036469459533691,0.0006238330388441682,0.0,1.0,0.0001188842361443676
7,-12.611932335061503,27.754497567299754,2.2580520564474682e-08,-17.606178283691406,0.0001197495439555496,-9.030108451843262,0.0006173329893499613,0.0,1.0,0.0001188842361443676
8,-12.565127788838133,27.245949961106803,2.219681860538003e-08,-17.62331771850586,0.00011900912068085745,-9.036310195922852,0.0005820830119773746,0.0,1.0,0.0001188842361443676
9,-12.641209819539421,28.28855512691394,2.2977003411028818e-08,-17.58877182006836,0.00012087238428648561,-9.020774841308594,0.0005882499972358346,0.0,1.0,0.0001188842361443676
10,-12.40272629593701,25.631808508519235,2.122308728758071e-08,-17.668176651000977,0.00011906763393199071,-9.035819053649902,0.0005780000938102603,0.0,1.0,0.0001188842361443676
11,-12.399531447288226,25.411122576277243,2.107689489605491e-08,-17.67508888244629,0.00011920706310775131,-9.034648895263672,0.0005806249100714922,0.0,1.0,0.0001188842361443676
12,-12.506139624922522,26.662016705926195,2.1797845306537056e-08,-17.641454696655273,0.00011863521649502218,-9.039457321166992,0.0005807920824736357,0.0,1.0,0.00011863521649502218
13,-12.563201650302565,27.274532554124143,2.2211768424540423e-08,-17.622644424438477,0.00011902747792191803,-9.03615665435791,0.000767042045481503,0.0,1.0,0.00011863521649502218
14,-12.438662361855494,25.55705970670326,2.118616038160326e-08,-17.669918060302734,0.00011915813229279593,-9.035058975219727,0.0005804580869153142,0.0,1.0,0.00011863521649502218
15,-12.473405247387923,26.278705528763613,2.156020073584841e-08,-17.652416229248047,0.00011863872350659221,-9.039427757263184,0.0005847080610692501,0.0,1.0,0.00011863521649502218
16,-12.48609037677273,26.29603705723404,2.1574050990125215e-08,-17.651775360107422,0.00011864499538205564,-9.039374351501465,0.0005883330013602972,0.0,1.0,0.00011863521649502218
17,-12.472359013098906,26.383031864519985,2.163626788842521e-08,-17.648895263671875,0.00011865083070006222,-9.039325714111328,0.0005573329981416464,0.0,1.0,0.00011863521649502218
18,-12.517407048066728,26.766475089271715,2.1864996924136904e-08,-17.638378143310547,0.00011866481509059668,-9.039207458496094,0.0005645419005304575,0.0,1.0,0.00011863521649502218
19,-12.031609565308806,21.313205766154635,1.980135522217097e-08,-17.737516403198242,0.00012701624655164778,-8.971195220947266,0.0005917079979553819,0.0,1.0,0.00011863521649502218
20,-12.393683512212585,25.08517404954867,2.093297801764038e-08,-17.68194007873535,0.00011963830911554396,-9.031037330627441,0.0005967089673504233,0.0,1.0,0.00011863521649502218
21,-12.531011482952852,26.87218559272652,2.193692338892106e-08,-17.635093688964844,0.00011871568858623505,-9.038779258728027,0.0005837909411638975,0.0,1.0,0.00011863521649502218
22,-12.332558707708026,24.601437991679663,2.069188198561278e-08,-17.693525314331055,0.00012025574687868357,-9.02588939666748,0.0005652500549331307,0.0,1.0,0.00011863521649502218
23,-12.45124753028696,26.025868720172173,2.1412040140944555e-08,-17.659313201904297,0.00011873193579958752,-9.038641929626465,0.0006080000894144177,0.0,1.0,0.00011863521649502218
24,-12.518561012457758,26.87739865267542,2.194210502182159e-08,-17.634859085083008,0.00011872335016960278,-9.038714408874512,0.0005869170418009162,0.0,1.0,0.00011863521649502218
25,-12.505970193869786,26.46013558466371,2.168537527325043e-08,-17.64662742614746,0.00011865243141073734,-9.039312362670898,0.0005473339697346091,0.0,1.0,0.00011863521649502218
26,-12.488820159463492,26.357720073450796,2.1609181999338034e-08,-17.650148391723633,0.0001186281006084755,-9.039517402648926,0.0005989159690216184,0.0,1.0,0.0001186281006084755
27,-12.536823323670472,27.118571854355988,2.2106444674818704e-08,-17.627397537231445,0.00011888945300597697,-9.03731632232666,0.0005649589002132416,0.0,1.0,0.0001186281006084755
28,-12.642458466318288,28.2147296147345,2.292623335620192e-08,-17.590984344482422,0.00012070233788108453,-9.022183418273926,0.0005805840482935309,0.0,1.0,0.0001186281006084755
29,-12.485949459516142,26.496662166253575,2.1699131380614745e-08,-17.645994186401367,0.00011862858082167804,-9.03951358795166,0.0006267079152166843,0.0,1.0,0.0001186281006084755
30,-12.566628398686895,27.388212945700726,2.2289990297963413e-08,-17.61912727355957,0.00011915327195310965,-9.035099983215332,0.0005832500755786896,0.0,1.0,0.0001186281006084755
31,-12.501882359268613,26.467455507859803,2.1681398010287012e-08,-17.64681053161621,0.000118631127406843,-9.039491653442383,0.0005773749435320497,0.0,1.0,0.0001186281006084755
32,-12.596934145863411,27.761012909288038,2.256385478460743e-08,-17.606916427612305,0.00011971606727456674,-9.030387878417969,0.0005804999964311719,0.0,1.0,0.0001186281006084755
33,-12.43148527092697,25.72453209259179,2.1241003622662902e-08,-17.66733169555664,0.00011892072507180274,-9.037053108215332,0.0006502500036731362,0.0,1.0,0.0001186281006084755
34,-12.487380435292026,26.24525935739287,2.1552226669996344e-08,-17.652786254882812,0.00011867938155774027,-9.039085388183594,0.0005763750523328781,0.0,1.0,0.0001186281006084755
35,-12.36404130185385,24.805176154706697,2.079045380298794e-08,-17.688772201538086,0.0001199834659928456,-9.028156280517578,0.0006142921047285199,0.0,1.0,0.0001186281006084755
36,-12.444002437790823,25.655690619516676,2.1229983104831263e-08,-17.667850494384766,0.00011904801067430526,-9.03598403930664,0.0005747500108554959,0.0,1.0,0.0001186281006084755
37,-12.516404992335856,26.62584427749085,2.1783687742527036e-08,-17.642105102539062,0.00011864998668897897,-9.039332389831543,0.000580000109039247,0.0,1.0,0.0001186281006084755
38,-12.47532958366255,26.38963260370434,2.16357580740123e-08,-17.64891815185547,0.00011863936379086226,-9.039422035217285,0.0006475000409409404,0.0,1.0,0.0001186281006084755
39,-12.503821978906403,26.52354551292222,2.17131237434387e-08,-17.645349502563477,0.00011862392420880497,-9.039552688598633,0.0005866249557584524,0.0,1.0,0.00011862392420880497
40,-12.423126195769408,25.609212017503946,2.1178914622055345e-08,-17.670259475708008,0.0001190168404718861,-9.036245346069336,0.0005950829945504665,0.0,1.0,0.00011862392420880497
41,-12.546421919035987,27.145828889836892,2.2119673204201717e-08,-17.626798629760742,0.00011889830057043582,-9.03724193572998,0.0005652500549331307,0.0,1.0,0.00011862392420880497
42,-12.562532222583005,27.33011923312873,2.2248617170816942e-08,-17.62098503112793,0.00011908416490769014,-9.035679817199707,0.0005796250188723207,0.0,1.0,0.00011862392420880497
43,-12.391547293776322,25.319069223430336,2.1030114538689304e-08,-17.677310943603516,0.00011930513574043289,-9.033825874328613,0.0006139579927548766,0.0,1.0,0.00011862392420880497
44,-12.453343502818267,25.95689021765125,2.1371228342559334e-08,-17.66122055053711,0.00011876724602188915,-9.038345336914062,0.0005702499765902758,0.0,1.0,0.00011862392420880497
45,-12.508815380665244,26.55199662069649,2.173436186581057e-08,-17.644371032714844,0.00011863418330904096,-9.03946590423584,0.0005961669376119971,0.0,1.0,0.00011862392420880497
46,-11.875997766438378,19.780226793645205,1.974507846114193e-08,-17.7403621673584,0.00013074879825580865,-8.942233085632324,0.0005860000383108854,0.0,1.0,0.00011862392420880497
47,-12.45392982333952,26.0024719424744,2.13966817597111e-08,-17.660030364990234,0.00011874028132297099,-9.038572311401367,0.0005810420261695981,0.0,1.0,0.00011862392420880497
48,-12.21313667112482,23.329382569310628,2.022734868489806e-08,-17.716230392456055,0.00012255289766471833,-9.006967544555664,0.00079708406701684,0.0,1.0,0.00011862392420880497
49,-12.371611063458644,25.06789899729541,2.0905387643210815e-08,-17.683258056640625,0.0001196006269310601,-9.031352043151855,0.0006145829102024436,0.0,1.0,0.00011862392420880497
0,-20.0,20.0,3.9686756281298585e-06,-12.437078475952148,0.0014644978800788522,-6.526242733001709,0.0005769579438492656,0.0,2.0,0.0014644978800788522
1,13.56753083399902,-15.0,2.528231789256097e-06,-12.88798999786377,0.001204990316182375,-6.721283912658691,0.0005815409822389483,0.0,2.0,0.001204990316182375
2,-12.317638010376903,24.75325027800794,2.082860106611406e-08,-17.686939239501953,0.00012018536654068157,-9.026474952697754,0.0005985000170767307,0.0,2.0,0.00012018536654068157
3,-12.560441898111119,27.30858098761765,2.2233347607425458e-08,-17.621671676635742,0.00011905990686500445,-9.035883903503418,0.0006594579899683595,0.0,2.0,0.00011905990686500445
4,-12.516710870280809,26.709998970198615,2.1829857033139888e-08,-17.63998794555664,0.00011865024862345308,-9.03933048248291,0.000613166019320488,0.0,2.0,0.00011865024862345308
5,-12.524794513180842,26.851763957059216,2.1921026771565266e-08,-17.635820388793945,0.00011870033631566912,-9.038908004760742,0.0005856669740751386,0.0,2.0,0.00011865024862345308
6,-12.627389084819736,28.015100176539292,2.2769238938735725e-08,-17.597854614257812,0.00012024019815726206,-9.026019096374512,0.0006052500102669001,0.0,2.0,0.00011865024862345308
7,-12.442777565184006,26.02021919429962,2.141981525483061e-08,-17.65894889831543,0.00011875966447405517,-9.038408279418945,0.0006102919578552246,0.0,2.0,0.00011865024862345308
8,-12.526612920587182,27.007620349034674,2.2032624613643748e-08,-17.630741119384766,0.00011880931560881436,-9.03799057006836,0.0006109169917181134,0.0,2.0,0.00011865024862345308
9,-12.234048285272024,23.38402694316131,2.0240582543351593e-08,-17.715576171875,0.00012244851677678525,-9.007820129394531,0.000596500001847744,0.0,2.0,0.00011865024862345308
10,-12.363183130152905,24.85754702301695,2.0807792822097326e-08,-17.687938690185547,0.00011988968617515638,-9.028938293457031,0.0007454999722540379,0.0,2.0,0.00011865024862345308
11,-12.471012005852248,26.37030730293883,2.1629112723076105e-08,-17.64922523498535,0.00011865377018693835,-9.039300918579102,0.0006692500319331884,0.0,2.0,0.00011865024862345308
12,-12.638604931347299,28.244884005094786,2.2942383992585746e-08,-17.590280532836914,0.00012076194980181754,-9.021689414978027,0.0006889579817652702,0.0,2.0,0.00011865024862345308
13,-12.55095508743245,27.192263920253115,2.215177552500336e-08,-17.625349044799805,0.00011894029012182727,-9.03688907623291,0.0006404580781236291,0.0,2.0,0.00011865024862345308
14,-12.482717770891714,26.36496489201667,2.1611629819062728e-08,-17.650033950805664,0.00011862141400342807,-9.039573669433594,0.0005779169732704759,0.0,2.0,0.00011862141400342807
15,-12.397710586153465,25.310817145137456,2.1023886631610367e-08,-17.6776065826416,0.00011931246262975037,-9.033764839172363,0.0005185420159250498,0.0,2.0,0.00011862141400342807
16,-12.478636320457595,26.26194972118311,2.1549734441350665e-08,-17.652902603149414,0.00011864284169860184,-9.039392471313477,0.003138250089250505,0.0,2.0,0.00011862141400342807
17,-12.17478461588734,22.97934377020165,2.0137479239679124e-08,-17.720684051513672,0.00012329668970778584,-9.000917434692383,0.0005492500495165586,0.0,2.0,0.00011862141400342807
18,-12.544137822554678,26.834870154936215,2.194707704461507e-08,-17.634632110595703,0.00011878126679221168,-9.038227081298828,0.0005124590825289488,0.0,2.0,0.00011862141400342807
19,-12.568769488348044,27.51728784968233,2.2388590537048003e-08,-17.614713668823242,0.00011933999485336244,-9.033534049987793,0.0005550829228013754,0.0,2.0,0.00011862141400342807
20,-12.472535263570157,26.161739280293542,2.1491395330031082e-08,-17.65561294555664,0.00011867676221299917,-9.039107322692871,0.00068762490991503,0.0,2.0,0.00011862141400342807
21,-12.58752761200048,27.566725981306742,2.242292573839677e-08,-17.613182067871094,0.00011940310650970787,-9.033005714416504,0.0005369160789996386,0.0,2.0,0.00011862141400342807
22,-12.416962090275229,25.43886767103911,2.1096418834076758e-08,-17.674161911010742,0.00011919855023734272,-9.034720420837402,0.0005708750104531646,0.0,2.0,0.00011862141400342807
23,-12.466431076320116,26.172221232525175,2.149587885469373e-08,-17.655405044555664,0.00011866750719491392,-9.0391845703125,0.0005474169738590717,0.0,2.0,0.00011862141400342807
24,-12.54930833584043,27.13809821298406,2.2114765130254455e-08,-17.62701988220215,0.00011889198503922671,-9.0372953414917,0.0005787500413134694,0.0,2.0,0.00011862141400342807
25,-12.338884137981921,24.965057720580507,2.0913148546242155e-08,-17.68288803100586,0.00011986123718088493,-9.029175758361816,0.0006020839791744947,0.0,2.0,0.00011862141400342807
26,-12.537994919295153,27.072022904859907,2.2069889027420686e-08,-17.629051208496094,0.00011883988190675154,-9.03773307800293,0.0005193341057747602,0.0,2.0,0.00011862141400342807
27,-12.03617237680662,21.390730288479812,1.9811725593399387e-08,-17.73699188232422,0.00012683370732702315,-8.972633361816406,0.0005215419223532081,0.0,2.0,0.00011862141400342807
28,-12.452944425664048,26.055135498632232,2.1429551466667363e-08,-17.65849494934082,0.00011871924652950838,-9.038748741149902,0.0005582920275628567,0.0,2.0,0.00011862141400342807
29,-12.240689529711078,23.508047528344182,2.0277472145835418e-08,-17.713754653930664,0.00012219195195939392,-9.009917259216309,0.0005168329225853086,0.0,2.0,0.00011862141400342807
30,-12.205182107858661,23.176558636197424,2.017608657922665e-08,-17.718767166137695,0.00012285500997677445,-9.00450611114502,0.0005091660423204303,0.0,2.0,0.00011862141400342807
31,-12.636735089642425,28.242690709811736,2.2939513399933276e-08,-17.590404510498047,0.00012075473932782188,-9.021748542785645,0.0005245000356808305,0.0,2.0,0.00011862141400342807
32,-12.35894805271608,24.860935945823737,2.0807117806498354e-08,-17.687971115112305,0.00011987658217549324,-9.029047966003418,0.0005144580500200391,0.0,2.0,0.00011862141400342807
33,-12.579012316126652,27.37321143577007,2.2293875190371182e-08,-17.618953704833984,0.0001191663759527728,-9.034990310668945,0.0005690420512109995,0.0,2.0,0.00011862141400342807
34,-12.185166410688277,22.94564082995594,2.011086586151123e-08,-17.72200584411621,0.00012333554332144558,-9.000601768493652,0.0005333750741556287,0.0,2.0,0.00011862141400342807
35,-12.23233519812311,23.71097369304274,2.0388483790156897e-08,-17.708295822143555,0.00012188679829705507,-9.012417793273926,0.0005040409741923213,0.0,2.0,0.00011862141400342807
36,-12.35707170414592,24.840028442593677,2.079753258499295e-08,-17.688430786132812,0.00011990579514531419,-9.028803825378418,0.0005098329856991768,0.0,2.0,0.00011862141400342807
37,-12.329321096725351,24.587455341582082,2.0686991675233912e-08,-17.69375991821289,0.00012027875345665962,-9.0256986618042,0.0005674170097336173,0.0,2.0,0.00011862141400342807
38,-12.530682087080093,26.838868214205924,2.1917426096251802e-08,-17.635984420776367,0.00011870585149154067,-9.038862228393555,0.0005199169972911477,0.0,2.0,0.00011862141400342807
39,-12.357568401166882,24.994563583943986,2.0879552309338578e-08,-17.68449592590332,0.00011971340427407995,-9.030409812927246,0.0005106249591335654,0.0,2.0,0.00011862141400342807
40,-12.565530021830664,27.466648728029025,2.2350848283281266e-08,-17.61640167236328,0.00011926713341381401,-9.034144401550293,0.0005136250983923674,0.0,2.0,0.00011862141400342807
41,-12.432282713529622,25.75104238346643,2.1255601723169093e-08,-17.666645050048828,0.00011890019231941551,-9.037225723266602,0.0005236249417066574,0.0,2.0,0.00011862141400342807
42,-12.523678249722852,26.959880393654426,2.19991154182253e-08,-17.63226318359375,0.00011877478391397744,-9.038281440734863,0.0005202500615268946,0.0,2.0,0.00011862141400342807
43,-12.484346580472982,26.074802854207466,2.14830464528859e-08,-17.656002044677734,0.00011882034596055746,-9.037898063659668,0.0005080420523881912,0.0,2.0,0.00011862141400342807
44,-12.48682218586943,26.451541644225262,2.1666284766297395e-08,-17.64750862121582,0.00011861746315844357,-9.039607048034668,0.0005116659449413419,0.0,2.0,0.00011861746315844357
45,-12.547732748784982,27.067821062769493,2.2069471583563427e-08,-17.629070281982422,0.00011884109699167311,-9.037723541259766,0.000508250086568296,0.0,2.0,0.00011861746315844357
46,-12.284062591856946,24.21925482539387,2.0556493396384212e-08,-17.700088500976562,0.00012092309771105647,-9.020356178283691,0.0005206249188631773,0.0,2.0,0.00011861746315844357
47,-12.377677089370959,25.148567395727543,2.0944968426306332e-08,-17.681367874145508,0.00011950140469707549,-9.032182693481445,0.0005157499108463526,0.0,2.0,0.00011861746315844357
48,-12.472504311357302,26.17765525820101,2.1499891644793934e-08,-17.65521812438965,0.00011866873683175072,-9.039175033569336,0.0005362500669434667,0.0,2.0,0.00011861746315844357
49,-12.11088285257994,22.20971778366057,1.9943929174814912e-08,-17.7303409576416,0.00012494812835939229,-8.987611770629883,0.0005200420273467898,0.0,2.0,0.00011861746315844357
0,-20.0,20.0,3.9686756281298585e-06,-12.437078475952148,0.0014644978800788522,-6.526242733001709,0.0004915419267490506,0.0,3.0,0.0014644978800788522
1,13.572526650377709,-15.0,2.5297968022641726e-06,-12.887372016906738,0.0012053450336679816,-6.720989227294922,0.0005049160681664944,0.0,3.0,0.0012053450336679816
2,-12.40606463027891,25.4584070523643,2.109981522835369e-08,-17.674001693725586,0.00011915667710127309,-9.03507137298584,0.0004999169614166021,0.0,3.0,0.00011915667710127309
3,-12.545013323006527,27.154488250131283,2.2126348753204184e-08,-17.626497268676758,0.00011890799214597791,-9.037160873413086,0.0005246249493211508,0.0,3.0,0.00011890799214597791
4,-12.265905828024156,23.783468336861162,2.0370746867115486e-08,-17.709165573120117,0.00012166373926447704,-9.014249801635742,0.0005122909788042307,0.0,3.0,0.00011890799214597791
5,-12.164366128249908,22.703060785475454,2.0048082305379467e-08,-17.72513198852539,0.00012385407171677798,-8.996406555175781,0.0005160419968888164,0.0,3.0,0.00011890799214597791
6,-12.46712009185136,26.075017304528885,2.144217958743866e-08,-17.65790557861328,0.00011871589958900586,-9.038777351379395,0.0005115830572322011,0.0,3.0,0.00011871589958900586
7,-12.447787068680833,25.657570252553757,2.1242247072450482e-08,-17.667274475097656,0.0001190755283460021,-9.035752296447754,0.0005343330558389425,0.0,3.0,0.00011871589958900586
8,-12.470073681084314,26.347445780789354,2.1613240974716064e-08,-17.649959564208984,0.00011865229316754267,-9.039313316345215,0.0005455829668790102,0.0,3.0,0.00011865229316754267
9,-12.468912235706567,26.210419184487023,2.151876898892624e-08,-17.654340744018555,0.00011865563283208758,-9.039284706115723,0.0005339999916031957,0.0,3.0,0.00011865229316754267
10,-12.401371434939907,25.343453985421853,2.1040650111103787e-08,-17.676809310913086,0.00011927787272725254,-9.03405475616455,0.0005119170527905226,0.0,3.0,0.00011865229316754267
11,-12.550510659314055,27.032238013999656,2.2053658454979086e-08,-17.62978744506836,0.00011883427214343101,-9.03778076171875,0.0005337089532986283,0.0,3.0,0.00011865229316754267
12,-12.510251803604701,26.711823397396156,2.1829887231206158e-08,-17.639986038208008,0.00011864800762850791,-9.039349555969238,0.0005187910282984376,0.0,3.0,0.00011864800762850791
13,-12.071405947999471,21.519707100001263,1.9845684207098202e-08,-17.735279083251953,0.0001266031467821449,-8.97445297241211,0.000533499987795949,0.0,3.0,0.00011864800762850791
14,-12.207037648765873,23.363494871373963,2.025616829826049e-08,-17.714805603027344,0.00012252290616743267,-9.00721263885498,0.0005307920509949327,0.0,3.0,0.00011864800762850791
15,-12.494741160260801,26.314224420857112,2.159743495155908e-08,-17.650691986083984,0.00011867255670949817,-9.039142608642578,0.0005098340334370732,0.0,3.0,0.00011864800762850791
16,-12.484229583016697,26.468969677052222,2.168113688583162e-08,-17.64682388305664,0.00011862657265737653,-9.039529800415039,0.0005148750497028232,0.0,3.0,0.00011862657265737653
17,-12.568194307277226,27.395695844854334,2.2295397528182548e-08,-17.618885040283203,0.00011916238872800022,-9.03502368927002,0.0005062079289928079,0.0,3.0,0.00011862657265737653
18,-12.587307841688812,27.583173790340805,2.2433555457723742e-08,-17.612707138061523,0.00011942494893446565,-9.032822608947754,0.0005361669464036822,0.0,3.0,0.00011862657265737653
19,-12.363724019997292,24.95958129177014,2.0853310189750118e-08,-17.685752868652344,0.00011974071094300598,-9.030181884765625,0.0005305840168148279,0.0,3.0,0.00011862657265737653
20,-12.618238355676155,27.99286811991582,2.2742586480717364e-08,-17.59902572631836,0.00012017365952488035,-9.026572227478027,0.000517625012435019,0.0,3.0,0.00011862657265737653
21,-12.476757194709627,26.286400927480305,2.156385114915338e-08,-17.65224838256836,0.00011863503459608182,-9.039458274841309,0.000539290951564908,0.0,3.0,0.00011862657265737653
22,-12.33484017974679,24.733477295032525,2.0759985730478547e-08,-17.69023895263672,0.0001200768820126541,-9.02737808227539,0.0005291249835863709,0.0,3.0,0.00011862657265737653
23,-12.203323387294107,23.072345750877794,2.0146302404100425e-08,-17.720245361328125,0.00012307794531807303,-9.002693176269531,0.0005180829903110862,0.0,3.0,0.00011862657265737653
24,-12.061018564373592,21.611718972449268,1.9838477527400755e-08,-17.73564338684082,0.0001263144804397598,-8.976736068725586,0.0005269580287858844,0.0,3.0,0.00011862657265737653
25,-12.520379590927496,26.892573291355347,2.195152148942725e-08,-17.634429931640625,0.00011872959294123575,-9.03866195678711,0.0005287500098347664,0.0,3.0,0.00011862657265737653
26,-12.450367707614749,26.019131093488046,2.140840749120798e-08,-17.659482955932617,0.00011873579933308065,-9.038609504699707,0.0005495840450748801,0.0,3.0,0.00011862657265737653
27,-12.481818426737522,26.347895173006307,2.1601129773785033e-08,-17.65052032470703,0.00011862367682624608,-9.039554595947266,0.0005466250004246831,0.0,3.0,0.00011862367682624608
28,-12.42086807487497,25.625989200543884,2.1187988252791e-08,-17.669832229614258,0.00011900108802365139,-9.036377906799316,0.0005216250428929925,0.0,3.0,0.00011862367682624608
29,-12.368110374478995,24.975378257462772,2.0860243310494297e-08,-17.685420989990234,0.0001197202509501949,-9.030352592468262,0.0005387910641729832,0.0,3.0,0.00011862367682624608
30,-12.522235449988353,26.77011327030768,2.186936498560499e-08,-17.638179779052734,0.0001186708323075436,-9.039156913757324,0.0005292920395731926,0.0,3.0,0.00011862367682624608
31,-12.532946024938754,26.89632402143225,2.195294079854193e-08,-17.63436508178711,0.00011872805771417916,-9.038675308227539,0.0005312090506777167,0.0,3.0,0.00011862367682624608
32,-12.67648402169291,28.93005017977978,2.3523297087990613e-08,-17.565275192260742,0.00012284156400710344,-9.00461483001709,0.0005319999763742089,0.0,3.0,0.00011862367682624608
33,-12.37382748421035,25.174735374222273,2.096490270275808e-08,-17.680416107177734,0.00011948432074859738,-9.032325744628906,0.0005318330368027091,0.0,3.0,0.00011862367682624608
34,-12.456981709544696,25.90992413716575,2.1352212442593554e-08,-17.662111282348633,0.00011881566024385393,-9.03793716430664,0.0005250000394880772,0.0,3.0,0.00011862367682624608
35,-12.650086138947232,28.20580998420788,2.2939877553085353e-08,-17.590389251708984,0.00012072490062564611,-9.02199649810791,0.000529833952896297,0.0,3.0,0.00011862367682624608
36,-12.431360794247654,25.730745752413863,2.1244403569653514e-08,-17.667171478271484,0.00011891569738509133,-9.03709602355957,0.0005309580592438579,0.0,3.0,0.00011862367682624608
37,-12.56563004123725,27.275202952588206,2.2214793560237922e-08,-17.622507095336914,0.0001190337716252543,-9.036103248596191,0.0005454580532386899,0.0,3.0,0.00011862367682624608
38,-12.349356571851326,24.851777910887996,2.0807235046049755e-08,-17.687965393066406,0.00011989471386186779,-9.02889633178711,0.0005223749903962016,0.0,3.0,0.00011862367682624608
39,-12.278960907934103,24.071855263849425,2.0483298612816725e-08,-17.703655242919922,0.00012114505807403475,-9.018522262573242,0.0005224579945206642,0.0,3.0,0.00011862367682624608
40,-12.425073297822303,25.678121267111305,2.1216123968770262e-08,-17.66850471496582,0.00011895754869328812,-9.036744117736816,0.0005167500348761678,0.0,3.0,0.00011862367682624608
41,-12.177434659362918,22.97109602408049,2.0128448241507613e-08,-17.721132278442383,0.0001232997892657295,-9.00089168548584,0.0005212909309193492,0.0,3.0,0.00011862367682624608
42,-11.946213052811089,20.26262326976092,1.975286600952586e-08,-17.739967346191406,0.00012961728498339653,-8.95092487335205,0.0005270419642329216,0.0,3.0,0.00011862367682624608
43,-12.449833636979625,26.06855006852402,2.14424158428983e-08,-17.657894134521484,0.00011872455070260912,-9.038704872131348,0.00051987508777529,0.0,3.0,0.00011862367682624608
44,-12.578563127590037,27.442849806675348,2.2333765059556754e-08,-17.61716651916504,0.00011923140118597075,-9.034444808959961,0.0005252499831840396,0.0,3.0,0.00011862367682624608
45,-12.456899691904832,25.987349200258272,2.1389150006712043e-08,-17.660381317138672,0.0001187521411338821,-9.038472175598145,0.0005225000204518437,0.0,3.0,0.00011862367682624608
46,-12.509876530499476,26.62987487025848,2.177819524717961e-08,-17.642356872558594,0.0001186309673357755,-9.0394926071167,0.0005086249439045787,0.0,3.0,0.00011862367682624608
47,-12.01230870451616,21.10231202808255,1.9779864857127905e-08,-17.738601684570312,0.0001275186223210767,-8.96724796295166,0.0005364579847082496,0.0,3.0,0.00011862367682624608
48,-12.498960223054786,26.635356249332148,2.1784552828307824e-08,-17.642065048217773,0.00011863862891914323,-9.0394287109375,0.0005403329851105809,0.0,3.0,0.00011862367682624608
49,-12.51298086027237,26.59189233011903,2.176099123119002e-08,-17.643146514892578,0.00011864202679134905,-9.039400100708008,0.0005221659084782004,0.0,3.0,0.00011862367682624608
0,-20.0,20.0,3.9686756281298585e-06,-12.437078475952148,0.0014644978800788522,-6.526242733001709,0.0004970000591129065,0.0,4.0,0.0014644978800788522
1,13.618694914188504,-15.0,2.544284370742389e-06,-12.881661415100098,0.0012086250353604555,-6.718271732330322,0.000551166944205761,0.0,4.0,0.0012086250353604555
2,-12.492261837229735,26.232812360039766,2.1559383611702287e-08,-17.652454376220703,0.00011871951573994011,-9.03874683380127,0.0005006249994039536,0.0,4.0,0.00011871951573994011
3,-12.156508352301216,22.627833287497133,2.0030105574164736e-08,-17.726030349731445,0.0001240168057847768,-8.99509334564209,0.0005334580782800913,0.0,4.0,0.00011871951573994011
4,-12.35241127094001,24.851263813396884,2.0804181488642826e-08,-17.688112258911133,0.00011989030463155359,-9.02893352508545,0.0005151249933987856,0.0,4.0,0.00011871951573994011
5,-12.537251231489972,27.025783134190256,2.2037454527890077e-08,-17.630521774291992,0.00011880286911036819,-9.038044929504395,0.0005097920075058937,0.0,4.0,0.00011871951573994011
6,-12.500316387835312,26.61956924908607,2.1772011749021658e-08,-17.642641067504883,0.00011862980318255723,-9.03950309753418,0.0005186669295653701,0.0,4.0,0.00011862980318255723
7,-12.63299383269227,28.132323963184756,2.285583278194281e-08,-17.594058990478516,0.00012049398355884477,-9.023910522460938,0.0005067080492153764,0.0,4.0,0.00011862980318255723
8,-12.574423035543623,27.575380108236224,2.2429782475796856e-08,-17.612876892089844,0.00011942190758418292,-9.032848358154297,0.0005065839504823089,0.0,4.0,0.00011862980318255723
9,-12.43856175845125,25.78759892566927,2.127599252332857e-08,-17.665685653686523,0.00011887506116181612,-9.037437438964844,0.0005275410367175937,0.0,4.0,0.00011862980318255723
10,-12.538620382218483,27.106142330200672,2.209478466852488e-08,-17.6279239654541,0.0001188711539725773,-9.037470817565918,0.0005050830077379942,0.0,4.0,0.00011862980318255723
11,-12.615778996392583,28.021849422760027,2.276392407907224e-08,-17.59808921813965,0.0001202357088914141,-9.026056289672852,0.0005551250651478767,0.0,4.0,0.00011862980318255723
12,-12.506928925079118,26.565389153187258,2.1739142042065396e-08,-17.64415168762207,0.00011862638348247856,-9.039531707763672,0.0005478329258039594,0.0,4.0,0.00011862638348247856
13,-12.287402254774172,24.13106081555663,2.0502044506542916e-08,-17.702741622924805,0.00012103353219572455,-9.019442558288574,0.0005107910837978125,0.0,4.0,0.00011862638348247856
14,-12.469028009058421,26.012813870349984,2.1417424278524777e-08,-17.659061431884766,0.00011877495853696018,-9.03827953338623,0.0005421669920906425,0.0,4.0,0.00011862638348247856
15,-12.439168901779311,25.755312434299196,2.1260122551325367e-08,-17.666433334350586,0.00011890463792951778,-9.037188529968262,0.0005311669083312154,0.0,4.0,0.00011862638348247856
16,-12.270717713426302,23.906450108900128,2.0415352963709665e-08,-17.70697784423828,0.00012143202184233814,-9.016156196594238,0.000515041989274323,0.0,4.0,0.00011862638348247856
17,-12.426951376741732,25.58730830120695,2.117108444110727e-08,-17.670629501342773,0.00011904797429451719,-9.03598403930664,0.0005309999687597156,0.0,4.0,0.00011862638348247856
18,-12.678088061231936,29.033752158717938,2.362821049928243e-08,-17.56082534790039,0.00012324308045208454,-9.001352310180664,0.0005083750002086163,0.0,4.0,0.00011862638348247856
19,-12.4767156306426,26.15343618300486,2.149213784718995e-08,-17.65557861328125,0.00011869456648128107,-9.038956642150879,0.0005200420273467898,0.0,4.0,0.00011862638348247856
20,-12.571224986224392,27.35248886507633,2.226882500622196e-08,-17.620079040527344,0.0001191187184303999,-9.03538990020752,0.0005240419413894415,0.0,4.0,0.00011862638348247856
21,-12.429486707266769,26.01240705994517,2.1452798648624594e-08,-17.657411575317383,0.00011885201092809439,-9.037631034851074,0.0005173339741304517,0.0,4.0,0.00011862638348247856
22,-12.371139352432177,25.07712163218348,2.0910682962949068e-08,-17.683006286621094,0.0001195904187625274,-9.031437873840332,0.000514750019647181,0.0,4.0,0.00011862638348247856
23,-12.413061134034395,25.546457627862473,2.1146103534874783e-08,-17.671810150146484,0.00011907257430721074,-9.03577709197998,0.0005304999649524689,0.0,4.0,0.00011862638348247856
24,-12.639015629200166,28.149927287662432,2.287762512764857e-08,-17.593107223510742,0.00012055166735081002,-9.023431777954102,0.0005311249988153577,0.0,4.0,0.00011862638348247856
25,-12.503798011780148,26.470681230975135,2.1686018314426292e-08,-17.64659881591797,0.0001186375884572044,-9.039437294006348,0.0005146249895915389,0.0,4.0,0.00011862638348247856
26,-11.940773127010162,20.35748209794455,1.973885410677667e-08,-17.740676879882812,0.00012932518438901752,-8.953180313110352,0.0005163750611245632,0.0,4.0,0.00011862638348247856
27,-12.48530182930513,26.310857111188117,2.158096990001468e-08,-17.651453018188477,0.00011863670079037547,-9.039444923400879,0.0005100829293951392,0.0,4.0,0.00011862638348247856
28,-12.559065739481653,26.961970863424003,2.2049666981160954e-08,-17.629968643188477,0.00011889083543792367,-9.037304878234863,0.0005085840821266174,0.0,4.0,0.00011862638348247856
29,-12.552277239850296,27.320843126231885,2.2248665132451606e-08,-17.620983123779297,0.00011909176828339696,-9.035615921020508,0.0005193749675527215,0.0,4.0,0.00011862638348247856
30,-12.481052318924569,26.50157661791588,2.171184654287117e-08,-17.645408630371094,0.00011865172564284876,-9.039318084716797,0.0005137500120326877,0.0,4.0,0.00011862638348247856
31,-12.503750921525622,26.914806772517284,2.201271698254459e-08,-17.63164520263672,0.00011885502317454666,-9.037606239318848,0.0005233329720795155,0.0,4.0,0.00011862638348247856
32,-12.396705962894378,25.163685966481218,2.096306950249982e-08,-17.680503845214844,0.00011951923079323024,-9.03203296661377,0.0005259159952402115,0.0,4.0,0.00011862638348247856
33,-12.510403944895081,26.735366863033136,2.1845984576884803e-08,-17.63924789428711,0.00011865726992255077,-9.039271354675293,0.0005425420822575688,0.0,4.0,0.00011862638348247856
34,-12.370073388108128,25.006092185352685,2.0874741935017482e-08,-17.68472671508789,0.00011967940372414887,-9.030694007873535,0.0005366669502109289,0.0,4.0,0.00011862638348247856
35,-12.388519117403519,25.50799710533047,2.117018738090337e-08,-17.670671463012695,0.00011920894030481577,-9.034632682800293,0.0005353329470381141,0.0,4.0,0.00011862638348247856
36,-12.51907945519499,26.695346604488453,2.1823852947022715e-08,-17.640262603759766,0.00011865457781823352,-9.039294242858887,0.0005163329187780619,0.0,4.0,0.00011862638348247856
37,-12.446967790735313,25.906175645808986,2.134188648028612e-08,-17.662593841552734,0.00011879490921273828,-9.038111686706543,0.000528833013959229,0.0,4.0,0.00011862638348247856
38,-11.939616197360545,20.462584285658583,1.9748831903143582e-08,-17.740171432495117,0.0001290745276492089,-8.955121040344238,0.0005396249471232295,0.0,4.0,0.00011862638348247856
39,-12.363228599267162,24.997121177199354,2.0873455852665757e-08,-17.68478775024414,0.00011969500337727368,-9.030563354492188,0.0005140409339219332,0.0,4.0,0.00011862638348247856
40,-12.489349032786048,26.22380025256589,2.1547997164361732e-08,-17.652982711791992,0.0001187070956802927,-9.038851737976074,0.000569332973100245,0.0,4.0,0.00011862638348247856
41,-12.37741804639392,24.96767728483308,2.086458650296663e-08,-17.685213088989258,0.00011975623056059703,-9.030052185058594,0.0005131249781697989,0.0,4.0,0.00011862638348247856
42,-12.361781879116116,25.061954333340278,2.0914539433647406e-08,-17.68282127380371,0.00011963280849158764,-9.031083106994629,0.0005154169630259275,0.0,4.0,0.00011862638348247856
43,-12.315362321286342,24.389263077511426,2.0601810035714152e-08,-17.697887420654297,0.00012059218715876341,-9.023096084594727,0.0005259159952402115,0.0,4.0,0.00011862638348247856
44,-12.32656052167408,24.724767659386707,2.077357130758628e-08,-17.689584732055664,0.00012012848310405388,-9.026948928833008,0.0005266659427434206,0.0,4.0,0.00011862638348247856
45,-12.346747649094894,25.020866769027865,2.0927540589354976e-08,-17.682199478149414,0.00011976007954217494,-9.030019760131836,0.0005109170451760292,0.0,4.0,0.00011862638348247856
46,-12.504630795166037,26.47444390376778,2.168927792922659e-08,-17.646448135375977,0.00011863982945214957,-9.03941822052002,0.0005143750458955765,0.0,4.0,0.00011862638348247856
47,-12.639093536981763,28.299080030418327,2.298428292135668e-08,-17.588455200195312,0.00012089836673112586,-9.020560264587402,0.0005209579830989242,0.0,4.0,0.00011862638348247856
48,-12.473486534543792,25.990505981412856,2.1421099560825496e-08,-17.658889770507812,0.00011882868420798331,-9.037827491760254,0.0005293330177664757,0.0,4.0,0.00011862638348247856
49,-12.23589034149212,23.469717332484638,2.0264893763055625e-08,-17.71437644958496,0.00012226567196194082,-9.00931453704834,0.0005126670002937317,0.0,4.0,0.00011862638348247856
0,-20.0,20.0,3.9686756281298585e-06,-12.437078475952148,0.0014644978800788522,-6.526242733001709,0.0004996249917894602,0.0,5.0,0.0014644978800788522
1,13.467169613226586,-15.0,2.496901061022072e-06,-12.900460243225098,0.0011978675611317158,-6.727212429046631,0.0005024999845772982,0.0,5.0,0.0011978675611317158
2,-12.457460031465168,26.08530348608193,2.1445627496063935e-08,-17.657745361328125,0.00011870267917402089,-9.038888931274414,0.0005323749501258135,0.0,5.0,0.00011870267917402089
3,-12.441216465837181,25.70599136451376,2.1241177705633163e-08,-17.66732406616211,0.00011896469368366525,-9.036684036254883,0.0005038749659433961,0.0,5.0,0.00011870267917402089
4,-12.510458765300074,26.55550458982036,2.1738703281926064e-08,-17.6441707611084,0.0001186397421406582,-9.039419174194336,0.000501957954838872,0.0,5.0,0.0001186397421406582
5,-12.384425141140127,25.476926847882243,2.1159504370871218e-08,-17.67117691040039,0.00011925188300665468,-9.034272193908691,0.0005085000302642584,0.0,5.0,0.0001186397421406582
6,-12.438224540122182,25.796617734582153,2.1280714079807694e-08,-17.665464401245117,0.00011886758875334635,-9.037500381469727,0.0005249580135568976,0.0,5.0,0.0001186397421406582
7,-12.561080105225669,27.36831644538716,2.2277102829093565e-08,-17.619707107543945,0.00011913327034562826,-9.03526782989502,0.0005060420371592045,0.0,5.0,0.0001186397421406582
8,-12.37524424543963,24.934099413760237,2.084998484974676e-08,-17.6859130859375,0.00011980459385085851,-9.029648780822754,0.0005132920341566205,0.0,5.0,0.0001186397421406582
9,-12.452892583841798,26.141952169561577,2.1490643931088016e-08,-17.65564727783203,0.00011870682646986097,-9.038853645324707,0.0005073749925941229,0.0,5.0,0.0001186397421406582
10,-12.518951287258671,26.562218055575617,2.176119906494023e-08,-17.643136978149414,0.00011868508590850979,-9.039036750793457,0.0005059579852968454,0.0,5.0,0.0001186397421406582
11,-12.369951421377197,24.997018356169452,2.087045203325033e-08,-17.6849308013916,0.00011969168554060161,-9.030591011047363,0.0005313750589266419,0.0,5.0,0.0001186397421406582
12,-12.63311003886071,28.048182497919047,2.280180488867245e-08,-17.596426010131836,0.00012032724043820053,-9.02529525756836,0.0005078749964013696,0.0,5.0,0.0001186397421406582
13,-12.613041929148698,27.79556484217114,2.2606309713069095e-08,-17.605037689208984,0.00011981222633039579,-9.029584884643555,0.0005242089973762631,0.0,5.0,0.0001186397421406582
14,-12.526363380405845,26.869631137366262,2.193286086082935e-08,-17.63528060913086,0.00011870900925714523,-9.038835525512695,0.0005072499625384808,0.0,5.0,0.0001186397421406582
15,-12.6059361118709,27.882895168235212,2.2656429621292773e-08,-17.602821350097656,0.00011994584929198027,-9.028470039367676,0.0005042500561103225,0.0,5.0,0.0001186397421406582
16,-12.490604332672445,26.287427579222925,2.157709211303427e-08,-17.651634216308594,0.00011866777640534565,-9.039182662963867,0.0005259999306872487,0.0,5.0,0.0001186397421406582
17,-12.6462910486821,28.412369471187993,2.3076522026599378e-08,-17.584449768066406,0.00012120265455450863,-9.018046379089355,0.0005100419512018561,0.0,5.0,0.0001186397421406582
18,-12.416749334983985,25.56549920092815,2.1155520002480444e-08,-17.67136573791504,0.00011905438441317528,-9.035930633544922,0.0005187919596210122,0.0,5.0,0.0001186397421406582
19,-12.508812783491482,26.572936317879925,2.1745306000298115e-08,-17.64386749267578,0.00011863064719364047,-9.039495468139648,0.0005176670383661985,0.0,5.0,0.00011863064719364047
20,-12.47561150626757,26.31730580725822,2.1584154907827724e-08,-17.65130615234375,0.00011863218242069706,-9.039483070373535,0.0005092500941827893,0.0,5.0,0.00011863064719364047
21,-12.108564133039048,22.13972763993117,1.992660969563076e-08,-17.731210708618164,0.00012510063243098557,-8.9863920211792,0.000533958082087338,0.0,5.0,0.00011863064719364047
22,-12.462398833529104,26.124812611301714,2.1467988275958305e-08,-17.656702041625977,0.00011868497676914558,-9.039037704467773,0.0005208750953897834,0.0,5.0,0.00011863064719364047
23,-12.35040429967525,25.06305667668179,2.0947569012719214e-08,-17.681243896484375,0.00011970582272624597,-9.030473709106445,0.0005210000090301037,0.0,5.0,0.00011863064719364047
24,-12.340239248032095,24.809286703520492,2.079625716078226e-08,-17.688493728637695,0.00011997218825854361,-9.028250694274902,0.0005697080632671714,0.0,5.0,0.00011863064719364047
25,-12.415290050542806,25.59765336158255,2.1174583864080887e-08,-17.67046356201172,0.00011902876576641575,-9.036145210266113,0.0005146670155227184,0.0,5.0,0.00011863064719364047
26,-12.464804964038056,26.002308629853214,2.140509813841618e-08,-17.659637451171875,0.00011876409553224221,-9.038371086120605,0.0005140840075910091,0.0,5.0,0.00011863064719364047
27,-12.432042862573681,25.817905010038626,2.1296047592045397e-08,-17.664743423461914,0.00011885871936101466,-9.037574768066406,0.0005094590596854687,0.0,5.0,0.00011863064719364047
28,-12.438369563978627,25.81589271515212,2.1291317153782074e-08,-17.664966583251953,0.00011885337153216824,-9.037619590759277,0.0005272499984130263,0.0,5.0,0.00011863064719364047
29,-12.517670782811296,26.718573845802734,2.1835585783946954e-08,-17.639724731445312,0.0001186531808343716,-9.039305686950684,0.0005127500044181943,0.0,5.0,0.00011863064719364047
30,-12.387852594379636,25.155743155485236,2.0948416334931608e-08,-17.681201934814453,0.00011949769395869225,-9.03221321105957,0.000518792076036334,0.0,5.0,0.00011863064719364047
31,-11.954473010983557,20.539979868465437,1.974484398203913e-08,-17.740373611450195,0.00012887602497357875,-8.956659317016602,0.0005041250260546803,0.0,5.0,0.00011863064719364047
32,-12.3946231660094,25.200492010269226,2.097313789306554e-08,-17.680023193359375,0.00011945249570999295,-9.032591819763184,0.0005135830724611878,0.0,5.0,0.00011863064719364047
33,-12.509965147145225,26.773936533561805,2.1874297928548003e-08,-17.63795280456543,0.00011867847933899611,-9.039093017578125,0.0005056660156697035,0.0,5.0,0.00011863064719364047
34,-12.548783506952153,27.25837223046763,2.2202602423249118e-08,-17.623056411743164,0.00011901862308150157,-9.03623104095459,0.0005189580842852592,0.0,5.0,0.00011863064719364047
35,-12.509445474330665,26.87546784012628,2.1957491824764475e-08,-17.634157180786133,0.00011876318603754044,-9.038378715515137,0.000517916982062161,0.0,5.0,0.00011863064719364047
36,-12.423751685171645,25.71551023181934,2.123940667786428e-08,-17.667407989501953,0.00011893339978996664,-9.036947250366211,0.000516457948833704,0.0,5.0,0.00011863064719364047
37,-12.478175701500174,26.359310534275888,2.1610391698345666e-08,-17.65009117126465,0.00011862702376674861,-9.039525985717773,0.0005834999028593302,0.0,5.0,0.00011862702376674861
38,-12.406930375193982,25.35640983179773,2.1050276188816497e-08,-17.67635154724121,0.00011927360174013302,-9.034090995788574,0.0005120839923620224,0.0,5.0,0.00011862702376674861
39,-12.529768713274962,26.866648846152078,2.1932601512730798e-08,-17.635292053222656,0.00011871143215103075,-9.038814544677734,0.000508915982209146,0.0,5.0,0.00011862702376674861
40,-12.51301900664821,26.79817632507264,2.1888951096116216e-08,-17.637283325195312,0.00011868494038935751,-9.039037704467773,0.0005145840113982558,0.0,5.0,0.00011862702376674861
41,-12.440982746536225,26.08889127986384,2.14788986596659e-08,-17.65619468688965,0.00011877347424160689,-9.03829288482666,0.0005678749876096845,0.0,5.0,0.00011862702376674861
42,-12.38901422854785,25.502165106794543,2.116356156989241e-08,-17.670984268188477,0.00011920610268134624,-9.034656524658203,0.0005044579738751054,0.0,5.0,0.00011862702376674861
43,-12.534874842588536,27.137325251363144,2.212494010223054e-08,-17.62656021118164,0.00011891948815900832,-9.037063598632812,0.0005466250004246831,0.0,5.0,0.00011862702376674861
44,-12.081111160544129,21.743105106306807,1.98595522249434e-08,-17.734580993652344,0.0001260222343262285,-8.979052543640137,0.0005122920265421271,0.0,5.0,0.00011862702376674861
45,-12.286731817924402,24.124199975740378,2.049945457827107e-08,-17.70286750793457,0.00012104561028536409,-9.019343376159668,0.0005202910397201777,0.0,5.0,0.00011862702376674861
46,-12.507755455143103,26.624166000824513,2.1773709946160125e-08,-17.642562866210938,0.0001186278386740014,-9.039519309997559,0.0005188749637454748,0.0,5.0,0.00011862702376674861
47,-12.648665974501268,28.552289053784083,2.319887038026991e-08,-17.57916259765625,0.00012162328494014218,-9.014581680297852,0.0005321250064298511,0.0,5.0,0.00011862702376674861
48,-12.37927417880619,24.90209827747328,2.0849594051242093e-08,-17.685932159423828,0.00011988852929789573,-9.028947830200195,0.0005397079512476921,0.0,5.0,0.00011862702376674861
49,-12.6562043172201,28.469141122944272,2.312541624860387e-08,-17.582332611083984,0.00012136341683799401,-9.01672077178955,0.0005373749881982803,0.0,5.0,0.00011862702376674861
0,-20.0,20.0,3.9686756281298585e-06,-12.437078475952148,0.0014644978800788522,-6.526242733001709,0.0005047079175710678,0.0,6.0,0.0014644978800788522
1,13.586340771990688,-15.0,2.5341269065393135e-06,-12.885661125183105,0.001206326182000339,-6.720175743103027,0.0005022919503971934,0.0,6.0,0.001206326182000339
2,-12.310458250807766,24.44411126126791,2.0633665442915117e-08,-17.69634246826172,0.00012051907106069848,-9.023702621459961,0.0005175420083105564,0.0,6.0,0.00012051907106069848
3,-12.526958874065182,27.010232422558072,2.20341913603761e-08,-17.63067054748535,0.0001188106180052273,-9.037980079650879,0.0005131659563630819,0.0,6.0,0.0001188106180052273
4,-12.655512022762357,28.46850143693578,2.312437530349598e-08,-17.582378387451172,0.00012136079021729529,-9.016742706298828,0.0005268750246614218,0.0,6.0,0.0001188106180052273
5,-12.210386595715867,23.060535245856325,2.015197075877495e-08,-17.71996307373047,0.00012313354818616062,-9.002241134643555,0.0005233329720795155,0.0,6.0,0.0001188106180052273
6,-11.877351641380098,19.629152785520958,1.9757113278728866e-08,-17.7397518157959,0.00013116031186655164,-8.93908977508545,0.0005171250086277723,0.0,6.0,0.0001188106180052273
7,-12.463217475548616,26.327011609396642,2.1613063339032124e-08,-17.649967193603516,0.00011868462024722248,-9.039040565490723,0.0005304999649524689,0.0,6.0,0.00011868462024722248
8,-12.49581168584438,26.501068358661005,2.1695585772363302e-08,-17.646156311035156,0.00011861415987368673,-9.039634704589844,0.0005081250565126538,0.0,6.0,0.00011861415987368673
9,-12.413911478002438,25.49735171460347,2.1119822335435856e-08,-17.673053741455078,0.00011911986803170294,-9.035380363464355,0.0005294590955600142,0.0,6.0,0.00011861415987368673
10,-12.390684925246958,25.386965780380383,2.107334395873295e-08,-17.675256729125977,0.00011925082799280062,-9.034281730651855,0.0005137919215485454,0.0,6.0,0.00011861415987368673
11,-12.483240869002207,26.451480350321436,2.1669718464067955e-08,-17.647350311279297,0.00011862556857522577,-9.039538383483887,0.000502333976328373,0.0,6.0,0.00011861415987368673
12,-12.494516230439118,26.530807547386296,2.1714999576261107e-08,-17.645261764526367,0.00011861716484418139,-9.0396089553833,0.0005222909385338426,0.0,6.0,0.00011861415987368673
13,-12.27503039238305,23.93470067510476,2.042493818521507e-08,-17.70650863647461,0.00012138001329731196,-9.016584396362305,0.000534375081770122,0.0,6.0,0.00011861415987368673
14,-12.435932802008779,25.73002910458134,2.1245433856620366e-08,-17.667123794555664,0.00011892141628777608,-9.037047386169434,0.0005267079686746001,0.0,6.0,0.00011861415987368673
15,-12.440550504469082,25.607113578399897,2.1205666556056713e-08,-17.668996810913086,0.00011909445311175659,-9.03559398651123,0.0005199579754844308,0.0,6.0,0.00011861415987368673
16,-12.43464592245077,25.827072520050848,2.1299467078961243e-08,-17.664583206176758,0.00011884891137015074,-9.037657737731934,0.0005166660994291306,0.0,6.0,0.00011861415987368673
17,-12.377890745976817,25.133369460046815,2.093664797087058e-08,-17.681764602661133,0.00011951848136959597,-9.032039642333984,0.0005134999519214034,0.0,6.0,0.00011861415987368673
18,-12.541192135213391,27.085181503724687,2.207805138709773e-08,-17.628681182861328,0.00011884787818416953,-9.037666320800781,0.0005098748952150345,0.0,6.0,0.00011861415987368673
19,-12.499045994096512,26.469401291165664,2.1678957295989676e-08,-17.646923065185547,0.00011862195970024914,-9.039568901062012,0.0005327500402927399,0.0,6.0,0.00011861415987368673
20,-12.342433645174667,24.457789650724962,2.0657665800172254e-08,-17.695178985595703,0.00012056514242431149,-9.023320198059082,0.0005711250705644488,0.0,6.0,0.00011861415987368673
21,-12.158217826043906,22.6389006545003,2.00325835919557e-08,-17.725906372070312,0.00012399301340337843,-8.995285034179688,0.0005056670634075999,0.0,6.0,0.00011861415987368673
22,-12.515006088572687,26.81221055571378,2.189735326396658e-08,-17.636899948120117,0.00011868875299114734,-9.039006233215332,0.0005358750931918621,0.0,6.0,0.00011861415987368673
23,-12.322507453715234,24.56266634830133,2.068125226628581e-08,-17.69403839111328,0.00012032627273583785,-9.025303840637207,0.0005122079746797681,0.0,6.0,0.00011861415987368673
24,-12.298419841862012,24.334568901221164,2.0593004634861245e-08,-17.698314666748047,0.00012070758384652436,-9.022139549255371,0.0005311670247465372,0.0,6.0,0.00011861415987368673
25,-12.573582591811284,27.432366561762894,2.2322586445966408e-08,-17.617666244506836,0.00011921025725314394,-9.034622192382812,0.0005095000378787518,0.0,6.0,0.00011861415987368673
26,-12.538669547421161,27.11134376103525,2.2098690877214722e-08,-17.62774658203125,0.00011887631990248337,-9.037426948547363,0.0005321250064298511,0.0,6.0,0.00011861415987368673
27,-12.415445108251475,25.612608852765202,2.1183527820767267e-08,-17.670042037963867,0.0001190176117233932,-9.036238670349121,0.0005339169874787331,0.0,6.0,0.00011861415987368673
28,-12.148989321551802,22.512954159267682,2.000320087347518e-08,-17.727373123168945,0.00012427070760168135,-8.993048667907715,0.0005292500136420131,0.0,6.0,0.00011861415987368673
29,-12.47559264923939,26.188317287947275,2.1507853276148126e-08,-17.654848098754883,0.0001186696463264525,-9.039167404174805,0.0005027080187574029,0.0,6.0,0.00011861415987368673
30,-12.225435908153397,23.366662596428277,2.0232398867392476e-08,-17.715980529785156,0.00012246968981344253,-9.007646560668945,0.0005279580364003778,0.0,6.0,0.00011861415987368673
31,-12.45513612262096,26.056308430329736,2.142872901345072e-08,-17.658533096313477,0.00011871554306708276,-9.038780212402344,0.000534959021024406,0.0,6.0,0.00011861415987368673
32,-12.243485039516253,23.61157118081709,2.0312914017495132e-08,-17.71200942993164,0.00012198793410789222,-9.011588096618652,0.0005255830474197865,0.0,6.0,0.00011861415987368673
33,-12.500381116034035,26.6710465502688,2.1809274386441757e-08,-17.64093017578125,0.0001186508743558079,-9.039324760437012,0.0005157920531928539,0.0,6.0,0.00011861415987368673
34,-12.325563793153815,24.75792945793136,2.080063943310506e-08,-17.688282012939453,0.00012010827049380168,-9.027116775512695,0.0005354579770937562,0.0,6.0,0.00011861415987368673
35,-12.501224905606,26.359310359653296,2.1631846536251942e-08,-17.649099349975586,0.00011868230649270117,-9.039060592651367,0.0005349579732865095,0.0,6.0,0.00011861415987368673
36,-12.294672235934005,24.148246400417765,2.0505337872123164e-08,-17.70258140563965,0.00012099956802558154,-9.019723892211914,0.0005089580081403255,0.0,6.0,0.00011861415987368673
37,-12.22394049739833,23.35805526407989,2.022983558447322e-08,-17.716106414794922,0.00012248657003510743,-9.007509231567383,0.0005438330117613077,0.0,6.0,0.00011861415987368673
38,-12.669202315846954,28.700933368810897,2.3317626940411174e-08,-17.57405662536621,0.0001220572303282097,-9.01102066040039,0.0005315830931067467,0.0,6.0,0.00011861415987368673
39,-12.484261193516407,26.314406626476657,2.1582101439321377e-08,-17.65140151977539,0.00011863333929795772,-9.039472579956055,0.0005198339931666851,0.0,6.0,0.00011861415987368673
40,-12.49108311845822,26.4360402698729,2.1655235826756325e-08,-17.64801788330078,0.00011861510574817657,-9.039627075195312,0.0005438330117613077,0.0,6.0,0.00011861415987368673
41,-12.463239266413208,26.149022475717597,2.1482684076090663e-08,-17.65601921081543,0.0001186766749015078,-9.039107322692871,0.0005286249797791243,0.0,6.0,0.00011861415987368673
42,-12.367866594050454,25.01928796260401,2.0881939732930732e-08,-17.68438148498535,0.00011966263991780579,-9.030834197998047,0.0005224159685894847,0.0,6.0,0.00011861415987368673
43,-12.55114432824251,27.30290850181718,2.2235550289906314e-08,-17.62157440185547,0.00011907055886695161,-9.035794258117676,0.0005147920455783606,0.0,6.0,0.00011861415987368673
44,-12.54931647793194,27.230719236417688,2.2180490333312264e-08,-17.624052047729492,0.00011898320371983573,-9.036528587341309,0.0005320000927895308,0.0,6.0,0.00011861415987368673
45,-12.600822805676463,27.753205500069534,2.2560200818588783e-08,-17.607078552246094,0.000119705633551348,-9.030474662780762,0.0005115419626235962,0.0,6.0,0.00011861415987368673
46,-12.464846558403064,26.145654646704024,2.1480049738897833e-08,-17.65614128112793,0.00011867673310916871,-9.039107322692871,0.0005206250352784991,0.0,6.0,0.00011861415987368673
47,-12.428643667452716,25.67167606267929,2.1212567702377783e-08,-17.668672561645508,0.00011896419164258987,-9.036687850952148,0.0005228749942034483,0.0,6.0,0.00011861415987368673
48,-12.6362806299053,28.26307253413189,2.295522527617777e-08,-17.589719772338867,0.00012080580927431583,-9.021326065063477,0.0005484159337356687,0.0,6.0,0.00011861415987368673
49,-12.477117519205281,26.326152200670826,2.158899548021509e-08,-17.65108299255371,0.00011862943938467652,-9.039505958557129,0.0005233340198174119,0.0,6.0,0.00011861415987368673
0,-20.0,20.0,3.9686756281298585e-06,-12.437078475952148,0.0014644978800788522,-6.526242733001709,0.0005230419337749481,0.0,7.0,0.0014644978800788522
1,13.587138597823492,-15.0,2.5343776997033274e-06,-12.885562896728516,0.0012063829926773906,-6.720128536224365,0.0005185420159250498,0.0,7.0,0.0012063829926773906
2,-12.552214692943396,27.24091139317592,2.2186345205454927e-08,-17.623788833618164,0.00011898999218828976,-9.036471366882324,0.0005019170930609107,0.0,7.0,0.00011898999218828976
3,-12.492568790733054,26.320707119306636,2.1595752741632168e-08,-17.650768280029297,0.00011865725537063554,-9.039271354675293,0.0005065839504823089,0.0,7.0,0.00011865725537063554
4,-12.485179973825671,26.46453172356964,2.167678658793193e-08,-17.647024154663086,0.00011862286919495091,-9.03956127166748,0.0005100000416859984,0.0,7.0,0.00011862286919495091
5,-12.419694893116917,25.62831276329373,2.1189789478626153e-08,-17.66974639892578,0.00011899993114639074,-9.03638744354248,0.0005043750861659646,0.0,7.0,0.00011862286919495091
6,-12.202173196427326,23.159198463454835,2.0171921022438255e-08,-17.718975067138672,0.00012289162259548903,-9.004207611083984,0.0005104170413687825,0.0,7.0,0.00011862286919495091
7,-12.414664109985502,25.518669482156273,2.113077179899392e-08,-17.672534942626953,0.00011909850582014769,-9.03555965423584,0.0005097920075058937,0.0,7.0,0.00011862286919495091
8,-12.553452937356514,27.30170226178065,2.2231761320767873e-08,-17.62174415588379,0.00011906163126695901,-9.035869598388672,0.0005085420561954379,0.0,7.0,0.00011862286919495091
9,-12.43271562771544,25.88373131408849,2.1339676692377907e-08,-17.662696838378906,0.00011883064871653914,-9.037811279296875,0.000521667068824172,0.0,7.0,0.00011862286919495091
10,-12.468163410208664,25.923692185362064,2.138367705128985e-08,-17.6606388092041,0.00011886833817698061,-9.037493705749512,0.0005189579678699374,0.0,7.0,0.00011862286919495091
11,-12.358063281665242,24.6831813682572,2.074469129809131e-08,-17.690975189208984,0.00012018704001093283,-9.026461601257324,0.0005069579929113388,0.0,7.0,0.00011862286919495091
12,-12.28561274706411,23.998929909525238,2.044904334752573e-08,-17.70532989501953,0.00012126855290262029,-9.017502784729004,0.0005147919291630387,0.0,7.0,0.00011862286919495091
13,-12.524959066155864,26.895524212115383,2.1950386397406874e-08,-17.63448143005371,0.0001187233574455604,-9.038714408874512,0.000509207951836288,0.0,7.0,0.00011862286919495091
14,-12.490904237622454,26.43222664725571,2.165291057565355e-08,-17.64812660217285,0.00011861538951052353,-9.039624214172363,0.0005062079289928079,0.0,7.0,0.00011861538951052353
15,-12.236055107852241,23.502166285079177,2.0275711776207572e-08,-17.713842391967773,0.00012220018834341317,-9.009849548339844,0.0005090410122647882,0.0,7.0,0.00011861538951052353
16,-12.477780958703846,26.261667339028747,2.1549240614149312e-08,-17.652925491333008,0.00011864197585964575,-9.039400100708008,0.0005066660232841969,0.0,7.0,0.00011861538951052353
17,-12.475286611278607,26.278892049319087,2.1559516838465242e-08,-17.652448654174805,0.00011863703548442572,-9.03944206237793,0.0005341250216588378,0.0,7.0,0.00011861538951052353
18,-12.488353938317637,26.377089507547016,2.161967493918837e-08,-17.649662017822266,0.00011862203245982528,-9.039567947387695,0.0005049579776823521,0.0,7.0,0.00011861538951052353
19,-12.520094373053373,26.780518786172834,2.18744826696593e-08,-17.6379451751709,0.00011867071589222178,-9.03915786743164,0.0005111669888719916,0.0,7.0,0.00011861538951052353
20,-12.527816223826095,26.84968834485492,2.1920966375432727e-08,-17.635822296142578,0.00011870234447997063,-9.038891792297363,0.0005105000454932451,0.0,7.0,0.00011861538951052353
21,-12.596285521511966,27.872308801639345,2.2654351283790675e-08,-17.602914810180664,0.00011994314263574779,-9.02849292755127,0.0005443340633064508,0.0,7.0,0.00011861538951052353
22,-12.57083072598838,27.670846150562028,2.2523282794395527e-08,-17.60871696472168,0.00011963184078922495,-9.031091690063477,0.0005165840266272426,0.0,7.0,0.00011861538951052353
23,-12.591846197075688,27.73134572193819,2.2541808419873632e-08,-17.607894897460938,0.00011966528836637735,-9.03081226348877,0.0005051250336691737,0.0,7.0,0.00011861538951052353
24,-12.568719485939207,27.383202434831937,2.228686035721239e-08,-17.6192684173584,0.00011914756032638252,-9.035147666931152,0.0005563750164583325,0.0,7.0,0.00011861538951052353
25,-12.394518571350204,25.14691257412502,2.095344520114395e-08,-17.68096351623535,0.00011953567445743829,-9.031895637512207,0.0005054590292274952,0.0,7.0,0.00011861538951052353
26,-12.440880254278655,26.088853963411076,2.1479186429473884e-08,-17.65618133544922,0.00011877421638928354,-9.038286209106445,0.0005340839270502329,0.0,7.0,0.00011861538951052353
27,-12.468345609772857,26.16501057385047,2.149137046103533e-08,-17.655614852905273,0.00011866991553688422,-9.039164543151855,0.000510375015437603,0.0,7.0,0.00011861538951052353
28,-12.49394059238588,26.62436067619392,2.178358471383035e-08,-17.642108917236328,0.00011865108535857871,-9.039323806762695,0.0005376249318942428,0.0,7.0,0.00011861538951052353
29,-12.52972892742607,26.83168669100038,2.1912230252496556e-08,-17.636220932006836,0.00011870154412463307,-9.038898468017578,0.0005362500669434667,0.0,7.0,0.00011861538951052353
30,-12.466522187945579,26.32008134455033,2.1599289468099414e-08,-17.650606155395508,0.00011866307613672689,-9.039222717285156,0.000539042055606842,0.0,7.0,0.00011861538951052353
31,-12.48751411614992,26.449075522515518,2.16641975470111e-08,-17.64760398864746,0.00011861626990139484,-9.039616584777832,0.0005537079414352775,0.0,7.0,0.00011861538951052353
32,-12.321431030924625,24.48669966378308,2.064342652374762e-08,-17.69586944580078,0.00012043570313835517,-9.024394989013672,0.0005163750611245632,0.0,7.0,0.00011861538951052353
33,-12.334783609333472,24.65179306046643,2.0715061666010115e-08,-17.692405700683594,0.0001201808190671727,-9.02651309967041,0.000528541044332087,0.0,7.0,0.00011861538951052353
34,-12.41854343402706,25.329800835175842,2.106528640410943e-08,-17.675640106201172,0.00011937979434151202,-9.03320026397705,0.0005268329987302423,0.0,7.0,0.00011861538951052353
35,-12.381849574096705,25.26532900086984,2.10092760966063e-08,-17.678300857543945,0.00011937776434933767,-9.033217430114746,0.0005361660150811076,0.0,7.0,0.00011861538951052353
36,-12.442089200806432,25.886975845347475,2.133154808348081e-08,-17.66307830810547,0.00011880697275046259,-9.038010597229004,0.0005122910952195525,0.0,7.0,0.00011861538951052353
37,-12.49977007025879,26.500673252180412,2.1696900276424458e-08,-17.64609718322754,0.0001186182489618659,-9.039600372314453,0.0005434169434010983,0.0,7.0,0.00011861538951052353
38,-12.557424217752118,27.196424815890886,2.215752026302198e-08,-17.625089645385742,0.00011894988710992038,-9.036808013916016,0.0005324580706655979,0.0,7.0,0.00011861538951052353
39,-12.594833383479264,27.833362311193298,2.262258647078852e-08,-17.60431671142578,0.00011986229219473898,-9.029167175292969,0.000528500066138804,0.0,7.0,0.00011861538951052353
40,-12.386510619718738,25.24076642286151,2.098975393494129e-08,-17.679231643676758,0.00011939120304305106,-9.03310489654541,0.0005526660243049264,0.0,7.0,0.00011861538951052353
41,-12.490526672093832,26.451063045192424,2.1664485316819082e-08,-17.64759063720703,0.00011861418897751719,-9.039634704589844,0.0005344579694792628,0.0,7.0,0.00011861418897751719
42,-12.406345355618555,25.42418544452754,2.1081568490899372e-08,-17.674867630004883,0.00011919123789994046,-9.034781455993652,0.0005211250390857458,0.0,7.0,0.00011861418897751719
43,-12.609852039396332,28.00129317565076,2.2749983230596627e-08,-17.59870147705078,0.00012019804853480309,-9.02637004852295,0.000554917030967772,0.0,7.0,0.00011861418897751719
44,-12.557152723366807,27.24018899359373,2.2185608017366576e-08,-17.623821258544922,0.00011898766388185322,-9.036490440368652,0.0005203749751672149,0.0,7.0,0.00011861418897751719
45,-12.55098410032713,27.322092839836948,2.225173467707009e-08,-17.620845794677734,0.00011909874592674896,-9.035557746887207,0.0005305830854922533,0.0,7.0,0.00011861418897751719
46,-12.590205212316326,27.723850825246064,2.2536617905188905e-08,-17.608123779296875,0.00011965366138610989,-9.030909538269043,0.0005217919824644923,0.0,7.0,0.00011861418897751719
47,-12.52173036035275,26.545098942213958,2.1763932878116066e-08,-17.64301109313965,0.00011871671449625865,-9.03877067565918,0.0005672089755535126,0.0,7.0,0.00011861418897751719
48,-12.479050294047141,26.51141512655423,2.1724876120288172e-08,-17.644807815551758,0.00011866859858855605,-9.039175987243652,0.0006622500950470567,0.0,7.0,0.00011861418897751719
49,-12.57527991083161,27.337527730893097,2.2266579691176958e-08,-17.62017822265625,0.00011912009358638898,-9.035378456115723,0.0007345830090343952,0.0,7.0,0.00011861418897751719
0,-20.0,20.0,3.9686756281298585e-06,-12.437078475952148,0.0014644978800788522,-6.526242733001709,0.0007474590092897415,0.0,8.0,0.0014644978800788522
1,13.600423778386894,-15.0,2.538545459174202e-06,-12.883919715881348,0.0012073267716914415,-6.719346523284912,0.0006987910019233823,0.0,8.0,0.0012073267716914415
2,-12.348273987880551,24.95746928585509,2.0875505768458424e-08,-17.684688568115234,0.000119792326586321,-9.02975082397461,0.0006854580715298653,0.0,8.0,0.000119792326586321
3,-12.482444738351372,26.4589559674093,2.1676266115377985e-08,-17.64704704284668,0.0001186298904940486,-9.039502143859863,0.0007195420330390334,0.0,8.0,0.0001186298904940486
4,-12.381611759948349,25.17272781377373,2.095569762161631e-08,-17.68085479736328,0.00011947054008487612,-9.032441139221191,0.0007020829943940043,0.0,8.0,0.0001186298904940486
5,-12.523000522816448,26.87052121797689,2.1933765026460605e-08,-17.635238647460938,0.00011871042806887999,-9.038823127746582,0.0006625000387430191,0.0,8.0,0.0001186298904940486
6,-12.476510153000849,26.321685291814568,2.1586435750009514e-08,-17.651201248168945,0.00011863055260619149,-9.039496421813965,0.0006947909714654088,0.0,8.0,0.0001186298904940486
7,-12.123255713428929,22.277570792512616,1.9952945962131707e-08,-17.729888916015625,0.00012479015276767313,-8.988877296447754,0.0006537920562550426,0.0,8.0,0.0001186298904940486
8,-12.400772834651718,25.22489256872068,2.0991137716919184e-08,-17.67916488647461,0.00011944066500291228,-9.03269100189209,0.0006518749287351966,0.0,8.0,0.0001186298904940486
9,-12.281849093641398,23.893159357818913,2.0414738344243233e-08,-17.707008361816406,0.00012147736561018974,-9.015782356262207,0.0006216670153662562,0.0,8.0,0.0001186298904940486
10,-12.613191119477392,28.259655484330228,2.2991725856513767e-08,-17.588130950927734,0.00012090206291759387,-9.020529747009277,0.0006553750718012452,0.0,8.0,0.0001186298904940486
11,-12.478881395209427,26.34716502872937,2.1601746169608305e-08,-17.65049171447754,0.00011862598330480978,-9.039534568786621,0.0006150410044938326,0.0,8.0,0.00011862598330480978
12,-12.484159923573658,26.402478294909717,2.1635205627035248e-08,-17.648944854736328,0.00011861854727612808,-9.039597511291504,0.000613874988630414,0.0,8.0,0.00011861854727612808
13,-11.784941155616464,18.735766852303396,1.98384615401892e-08,-17.73564338684082,0.00013340941222850233,-8.922087669372559,0.0006185830570757389,0.0,8.0,0.00011861854727612808
14,-12.354067082605296,24.918803406872993,2.0839463488186993e-08,-17.686416625976562,0.00011980492126895115,-9.029645919799805,0.000627957982942462,0.0,8.0,0.00011861854727612808
15,-12.470250350664449,26.19038401717627,2.1506371794544066e-08,-17.654916763305664,0.00011866126442328095,-9.039237976074219,0.0006462499732151628,0.0,8.0,0.00011861854727612808
16,-12.464623185265367,26.184912106800954,2.150485123308954e-08,-17.654987335205078,0.00011866624117828906,-9.039196014404297,0.0006131249247118831,0.0,8.0,0.00011861854727612808
17,-12.553960780491145,27.102669211107013,2.209786664764124e-08,-17.627784729003906,0.00011887899017892778,-9.03740406036377,0.0006182919023558497,0.0,8.0,0.00011861854727612808
18,-12.44036399158793,25.8855101396351,2.1331556965265008e-08,-17.66307830810547,0.00011880945385200903,-9.037989616394043,0.0006336669903248549,0.0,8.0,0.00011861854727612808
19,-12.40259864477541,25.359332628929245,2.1048682796731555e-08,-17.676427841186523,0.00011926064325962216,-9.034198760986328,0.0006313340272754431,0.0,8.0,0.00011861854727612808
20,-12.364078649041762,24.898698113768823,2.0825087432285727e-08,-17.68710708618164,0.00011982687283307314,-9.029462814331055,0.0006130830151960254,0.0,8.0,0.00011861854727612808
21,-12.529537140734133,26.947585830177285,2.1985007592206784e-08,-17.632905960083008,0.00011875247582793236,-9.038469314575195,0.0006141660269349813,0.0,8.0,0.00011861854727612808
22,-12.570626091756798,27.339021317585058,2.225982065340304e-08,-17.6204833984375,0.00011910427565453574,-9.035511016845703,0.0006092090625315905,0.0,8.0,0.00011861854727612808
23,-11.91151166114316,20.040549766823723,1.9738045864414744e-08,-17.7407169342041,0.00013011042028665543,-8.947127342224121,0.0005969170015305281,0.0,8.0,0.00011861854727612808
24,-12.547606900625274,27.056617185188813,2.2062685900436918e-08,-17.629377365112305,0.00011883456318173558,-9.0377779006958,0.0005932089406996965,0.0,8.0,0.00011861854727612808
25,-12.486680945042,26.369157439647218,2.1614393830304834e-08,-17.649906158447266,0.00011862184328492731,-9.039569854736328,0.0006248750723898411,0.0,8.0,0.00011861854727612808
26,-12.421269337480018,25.86195489714034,2.1351771906097383e-08,-17.66213035583496,0.00011890118184965104,-9.03721809387207,0.000585292000323534,0.0,8.0,0.00011861854727612808
27,-12.506310245955785,26.603808707533613,2.176083846450183e-08,-17.64315414428711,0.00011862470273626968,-9.039546012878418,0.0005790829891338944,0.0,8.0,0.00011861854727612808
28,-12.473817857903429,26.349391203820815,2.1608370204262428e-08,-17.650184631347656,0.00011863775580422953,-9.039435386657715,0.0006024170434102416,0.0,8.0,0.00011861854727612808
29,-12.52024283067437,26.919768661037885,2.1972535790837355e-08,-17.633472442626953,0.00011875166092067957,-9.03847599029541,0.0006435420364141464,0.0,8.0,0.00011861854727612808
30,-12.301792532177833,24.25652232189712,2.0548746704207588e-08,-17.70046615600586,0.00012081377644790336,-9.021260261535645,0.0006386250024661422,0.0,8.0,0.00011861854727612808
31,-12.51221677020168,26.678021344841245,2.1808213901408635e-08,-17.640979766845703,0.00011863926920341328,-9.039422988891602,0.0006294170161709189,0.0,8.0,0.00011861854727612808
32,-12.493958112237372,26.720871484861902,2.186444447715985e-08,-17.638404846191406,0.00011872024333570153,-9.038741111755371,0.0006054580444470048,0.0,8.0,0.00011861854727612808
33,-12.24910182036748,23.538278304467028,2.029105772294315e-08,-17.713085174560547,0.00012214735033921897,-9.010282516479492,0.0005969589110463858,0.0,8.0,0.00011861854727612808
34,-12.139072665423528,22.534606908072124,2.001605459156508e-08,-17.726730346679688,0.00012423156294971704,-8.993363380432129,0.0005897911032661796,0.0,8.0,0.00011861854727612808
35,-12.462344480338293,26.004319023709414,2.1402525973712727e-08,-17.659757614135742,0.00011875323252752423,-9.03846263885498,0.0006141250487416983,0.0,8.0,0.00011861854727612808
36,-12.377452964205332,24.850006121212495,2.0833081038063028e-08,-17.686723709106445,0.00011998133413726464,-9.02817440032959,0.0006072090473026037,0.0,8.0,0.00011861854727612808
37,-11.9986438429818,21.037536598420502,1.9778868320941e-08,-17.738651275634766,0.00012767782027367502,-8.9660005569458,0.000627333065494895,0.0,8.0,0.00011861854727612808
38,-12.486568012891311,26.508425830187864,2.1706975772417536e-08,-17.645631790161133,0.00011863013060064986,-9.03950023651123,0.0006009580101817846,0.0,8.0,0.00011861854727612808
39,-12.525993785344353,26.91346008607017,2.1962490492910547e-08,-17.633930206298828,0.00011873352195834741,-9.038628578186035,0.0006057920400053263,0.0,8.0,0.00011861854727612808
40,-12.354044716879644,24.739795601473073,2.0755365426339267e-08,-17.690460205078125,0.00012006111501250416,-9.027509689331055,0.0005883749108761549,0.0,8.0,0.00011861854727612808
41,-12.289472705109322,24.17736153732675,2.052232517257835e-08,-17.701751708984375,0.00012095733836758882,-9.020072937011719,0.0006191249703988433,0.0,8.0,0.00011861854727612808
42,-12.449363495700991,26.07036331514243,2.1444442666052055e-08,-17.657800674438477,0.0001187259767903015,-9.038692474365234,0.000578042003326118,0.0,8.0,0.00011861854727612808
43,-12.538612036160592,27.009121821822685,2.202651572247305e-08,-17.631019592285156,0.00011879176599904895,-9.038138389587402,0.0006152919959276915,0.0,8.0,0.00011861854727612808
44,-12.428067417556642,25.646296872940212,2.119950970325135e-08,-17.669288635253906,0.00011898747470695525,-9.036492347717285,0.0006132079288363457,0.0,8.0,0.00011861854727612808
45,-12.325122173879318,24.5119389031861,2.065338122747562e-08,-17.69538688659668,0.00012039495777571574,-9.02473258972168,0.0006334580248221755,0.0,8.0,0.00011861854727612808
46,-12.536768611080499,27.080578637687307,2.2077090378047615e-08,-17.628725051879883,0.00011885010462719947,-9.037647247314453,0.0006148329703137279,0.0,8.0,0.00011861854727612808
47,-11.91445695077937,20.2010982607024,1.9742907753084182e-08,-17.74047088623047,0.00012971342948731035,-8.950182914733887,0.0006150419358164072,0.0,8.0,0.00011861854727612808
48,-12.41178969787209,25.576211199733084,2.1164721530908537e-08,-17.670930862426758,0.00011905096471309662,-9.035959243774414,0.0006815000670030713,0.0,8.0,0.00011861854727612808
49,-12.462700345287212,26.111761398568767,2.14600621717409e-08,-17.657072067260742,0.00011868981528095901,-9.038996696472168,0.000622832914814353,0.0,8.0,0.00011861854727612808
0,-20.0,20.0,3.9686756281298585e-06,-12.437078475952148,0.0014644978800788522,-6.526242733001709,0.0005926250014454126,0.0,9.0,0.0014644978800788522
1,13.579980568591084,-15.0,2.5321328394056763e-06,-12.886448860168457,0.0012058744905516505,-6.720550060272217,0.0006043750327080488,0.0,9.0,0.0012058744905516505
2,-12.35222142824805,25.01521461879608,2.090552086997377e-08,-17.683252334594727,0.00011972268112003803,-9.030332565307617,0.0005985409952700138,0.0,9.0,0.00011972268112003803
3,-12.514898324772302,26.604922943159337,2.17707061267447e-08,-17.6427001953125,0.00011864740372402593,-9.03935432434082,0.0006102919578552246,0.0,9.0,0.00011864740372402593
4,-11.947513521076722,20.52991281417008,1.974951580052675e-08,-17.740137100219727,0.00012890735524706542,-8.956416130065918,0.0005885829450562596,0.0,9.0,0.00011864740372402593
5,-12.535025721580464,27.23149386560923,2.2208716643490334e-08,-17.62278175354004,0.00011905332212336361,-9.03593921661377,0.000609499984420836,0.0,9.0,0.00011864740372402593
6,-12.505794189987514,26.60965685454491,2.176421887156721e-08,-17.64299774169922,0.00011862476821988821,-9.039545059204102,0.0005763329099863768,0.0,9.0,0.00011862476821988821
7,-12.519798490920499,26.883765092771267,2.194554049594899e-08,-17.634702682495117,0.00011872466711793095,-9.038703918457031,0.0005852500908076763,0.0,9.0,0.00011862476821988821
8,-12.610675659596117,27.80758870427022,2.260866160952446e-08,-17.60493278503418,0.00011981976422248408,-9.029521942138672,0.0005944169824942946,0.0,9.0,0.00011862476821988821
9,-12.60413154448992,27.820109726109663,2.260943787746328e-08,-17.60489845275879,0.00011982558498857543,-9.029473304748535,0.0006144159706309438,0.0,9.0,0.00011862476821988821
10,-12.415332175777431,25.80406010389427,2.1323160126485163e-08,-17.663471221923828,0.00011894865747308359,-9.036818504333496,0.0005761249922215939,0.0,9.0,0.00011862476821988821
11,-12.37669257750885,24.9877363197669,2.087072381584676e-08,-17.684919357299805,0.00011971992353210226,-9.030355453491211,0.0005794999888166785,0.0,9.0,0.00011862476821988821
12,-12.535247485684156,27.049168429482155,2.2054875259414075e-08,-17.629732131958008,0.00011882404214702547,-9.037866592407227,0.0006458339048549533,0.0,9.0,0.00011862476821988821
13,-12.49482865385288,26.420059787377514,2.1648217440883855e-08,-17.64834213256836,0.00011862352403113618,-9.039555549621582,0.0006362500134855509,0.0,9.0,0.00011862352403113618
14,-12.497705783637386,26.70370248859968,2.183986325121623e-08,-17.639528274536133,0.00011868254659930244,-9.039058685302734,0.0006070840172469616,0.0,9.0,0.00011862352403113618
15,-12.58878539309551,27.673075575752968,2.2497948393152e-08,-17.60984230041504,0.0001195647637359798,-9.031652450561523,0.0005909589817747474,0.0,9.0,0.00011862352403113618
16,-12.194103396212041,23.07465844417349,2.0148023693877803e-08,-17.72015953063965,0.00012306681310292333,-9.002782821655273,0.0005893749184906483,0.0,9.0,0.00011862352403113618
17,-12.69251020837074,28.999295389895018,2.357605310976396e-08,-17.563034057617188,0.00012305793643463403,-9.00285530090332,0.0005879170494154096,0.0,9.0,0.00011862352403113618
18,-12.625897636057129,28.24147248002431,2.2942652222468496e-08,-17.590267181396484,0.00012076721031917259,-9.021645545959473,0.0005862499820068479,0.0,9.0,0.00011862352403113618
19,-12.455687891267717,26.05038100074599,2.1424805041192485e-08,-17.658716201782227,0.00011871734750457108,-9.038764953613281,0.000579125015065074,0.0,9.0,0.00011862352403113618
20,-12.42279832339149,25.500217275507907,2.1129370253447632e-08,-17.6726016998291,0.00011914075730601326,-9.035204887390137,0.0006174159934744239,0.0,9.0,0.00011862352403113618
21,-12.550140910497063,27.200633043782965,2.215781158554364e-08,-17.625076293945312,0.00011894905037479475,-9.036815643310547,0.0005931250052526593,0.0,9.0,0.00011862352403113618
22,-12.346942398726219,24.60655716896958,2.0702405123529388e-08,-17.693016052246094,0.00012027823686366901,-9.025702476501465,0.0006178749026730657,0.0,9.0,0.00011862352403113618
23,-12.256471483150674,23.812593843557632,2.0387274091149266e-08,-17.708354949951172,0.00012161493941675872,-9.014650344848633,0.0005929579492658377,0.0,9.0,0.00011862352403113618
24,-12.426336309586372,25.738205442216568,2.1251160831070592e-08,-17.666854858398438,0.00011891456233570352,-9.037105560302734,0.0005818330682814121,0.0,9.0,0.00011862352403113618
25,-12.572000110118621,27.194532999139323,2.218760997152458e-08,-17.62373161315918,0.00011902059486601502,-9.036213874816895,0.0005834579933434725,0.0,9.0,0.00011862352403113618
26,-12.509176732172191,26.64198808755166,2.178506974814809e-08,-17.642040252685547,0.00011863115651067346,-9.039491653442383,0.0005873329937458038,0.0,9.0,0.00011862352403113618
27,-12.529172631708189,26.960322783188325,2.19941469481455e-08,-17.632490158081055,0.00011876181815750897,-9.038390159606934,0.0006020410219207406,0.0,9.0,0.00011862352403113618
28,-12.45240550459584,25.874730731651965,2.132998488946214e-08,-17.66315269470215,0.00011883127444889396,-9.037805557250977,0.0006416250253096223,0.0,9.0,0.00011862352403113618
29,-12.578813966483718,27.603913088706086,2.2448688241638592e-08,-17.61203384399414,0.00011945996811846271,-9.0325288772583,0.000598624930717051,0.0,9.0,0.00011862352403113618
30,-12.356978424732308,24.989292663450513,2.0877303441579897e-08,-17.684602737426758,0.00011972084757871926,-9.03034782409668,0.0005947500467300415,0.0,9.0,0.00011862352403113618
31,-12.54465075020056,27.191795788830163,2.2154752699066194e-08,-17.625213623046875,0.000118948970339261,-9.036815643310547,0.000592124997638166,0.0,9.0,0.00011862352403113618
32,-12.561892344983663,27.05643490356203,2.2095548501965823e-08,-17.62788963317871,0.00011891174654010683,-9.037129402160645,0.0005959590198472142,0.0,9.0,0.00011862352403113618
33,-12.386417267884648,25.11506966118107,2.0930361444015944e-08,-17.682065963745117,0.00011955301306443289,-9.031750679016113,0.0005634999834001064,0.0,9.0,0.00011862352403113618
34,-12.357554346724038,24.7153974457672,2.0752265683654514e-08,-17.690610885620117,0.00012012015940854326,-9.027017593383789,0.0005901249824091792,0.0,9.0,0.00011862352403113618
35,-12.389417775878533,25.283207807272532,2.101138107946099e-08,-17.67820167541504,0.0001193436692119576,-9.033503532409668,0.000577709055505693,0.0,9.0,0.00011862352403113618
36,-12.487577220667587,26.283039450450747,2.1569706021296042e-08,-17.651975631713867,0.000118656775157433,-9.039275169372559,0.0005766249960288405,0.0,9.0,0.00011862352403113618
37,-12.551028503352484,27.24346284920787,2.218891026473102e-08,-17.623672485351562,0.00011899475066456944,-9.036431312561035,0.0005830409936606884,0.0,9.0,0.00011862352403113618
38,-12.40061236144224,25.338540231621092,2.1038045971977226e-08,-17.67693328857422,0.00011928274761885405,-9.034013748168945,0.0005734999431297183,0.0,9.0,0.00011862352403113618
39,-12.528649293094556,27.221848134249306,2.222173201005262e-08,-17.622194290161133,0.00011909216846106574,-9.035613059997559,0.0005692079430446029,0.0,9.0,0.00011862352403113618
40,-12.46910701665808,26.44555850341314,2.1697616148230736e-08,-17.64606285095215,0.000118701093015261,-9.038902282714844,0.0006128330715000629,0.0,9.0,0.00011862352403113618
41,-12.54006048834451,27.06167091195479,2.2061868776290794e-08,-17.62941551208496,0.00011882923718076199,-9.037822723388672,0.0006056249840185046,0.0,9.0,0.00011862352403113618
42,-12.378358718485666,25.140872141186538,2.094038364930384e-08,-17.68158721923828,0.00011950940825045109,-9.032115936279297,0.000626874971203506,0.0,9.0,0.00011862352403113618
43,-12.350933665493855,24.848666438074584,2.0803954114967382e-08,-17.68812370300293,0.00011989556514890864,-9.028889656066895,0.000583041924983263,0.0,9.0,0.00011862352403113618
44,-12.371795689878084,24.861177139156258,2.082140859727133e-08,-17.687284469604492,0.00011991960491286591,-9.02868938446045,0.0006005000323057175,0.0,9.0,0.00011862352403113618
45,-12.418319649876961,25.548422285948906,2.1146689732631785e-08,-17.671781539916992,0.00011907177395187318,-9.035783767700195,0.0005919999675825238,0.0,9.0,0.00011862352403113618
46,-12.47772453466539,26.34436310059548,2.160066259193627e-08,-17.650541305541992,0.0001186277877422981,-9.039520263671875,0.0006133749848231673,0.0,9.0,0.00011862352403113618
47,-12.395456003939808,25.298200531269718,2.1017379836507644e-08,-17.677915573120117,0.00011932547931792215,-9.033656120300293,0.0005931250052526593,0.0,9.0,0.00011862352403113618
48,-12.421560418571639,25.6563321303171,2.1205124767220696e-08,-17.669023513793945,0.00011897675722138956,-9.036581993103027,0.000605209032073617,0.0,9.0,0.00011862352403113618
49,-12.408586809378336,25.430990688534393,2.1085403645315637e-08,-17.674684524536133,0.00011918585369130597,-9.034826278686523,0.0005938750691711903,0.0,9.0,0.00011862352403113618
